시설명,시도명,시군구명,시군구코드,소재지도로명주소,소재지지번주소,위도,경도,설치장소설명,평일운영시작시각,평일운영종료시각,토요일운영시작시각,토요일운영종료시각,공휴일운영시작시각,공휴일운영종료시각,동시사용가능대수,공기주입가능여부,휴대전화충전가능여부,관리기관명,관리기관전화번호,데이터기준일자,제공기관코드,제공기관명
기장군장애인협회,부산광역시,기장군,26710,부산광역시 기장군 기장읍 기장대로413번길 72-1,부산광역시 기장군 기장읍 청강리 294-4,35.2377976,129.21768,기장군장애인협회 출입구 옆,0:00,23:59,0:00,23:59,0:00,23:59,2,Y,Y,부산광역시 기장군청,051-709-4371,2026.5.19,3400000,부산광역시 기장군
다행복한종합사회복지관,부산광역시,기장군,26710,부산광역시 기장군 기장읍 차성로417번길 11,부산광역시 기장군 기장읍 교리 234-1,35.2551252,129.215174,기장빛물꿈종합사회복지관 1층 로비,9:00,18:00,9:00,18:00,9:00,18:00,2,N,Y,부산광역시 기장군청,051-709-4371,2026.5.19,3400000,부산광역시 기장군
기장장애인복지관,부산광역시,기장군,26710,부산광역시 기장군 정관읍 병산로 42-15,부산광역시 기장군 정관읍 용수리 431-2,35.3364288,129.173511,기장장애인복지관 1층로비,9:00,18:00,9:00,18:00,9:00,18:00,2,N,Y,부산광역시 기장군청,051-709-4371,2026.5.19,3400000,부산광역시 기장군
철마면복지회관,부산광역시,기장군,26710,부산광역시 기장군 철마면 철마로 485,부산광역시 기장군 철마면 와여리 546,35.2752118,129.149762,철마면복지회관 1층 출입구 이발소 앞,8:00,18:00,8:00,18:00,8:00,18:00,2,N,Y,부산광역시 기장군청,051-709-4371,2026.5.19,3400000,부산광역시 기장군
정관읍행정복지센터,부산광역시,기장군,26710,부산광역시 기장군 정관읍 용수로 4,부산광역시 기장군 정관읍 용수리 141,35.3255014,129.180293,정관읍 행정복지센터 1층 로비,7:00,18:00,7:00,18:00,7:00,18:00,2,N,Y,부산광역시 기장군청,051-709-4371,2026.5.19,3400000,부산광역시 기장군
장안읍행정복지센터 임시청사,부산광역시,기장군,26710,부산광역시 기장군 장안읍 해맞이로 8,부산광역시 기장군 장안읍 좌천리 244-1,35.3124055,129.244875,장안읍 행정복지센터 직원체육시설 측 출입구,7:00,18:00,7:00,18:00,7:00,18:00,2,N,Y,부산광역시 기장군청,051-709-4371,2026.5.19,3400000,부산광역시 기장군
기장읍행정복지센터,부산광역시,기장군,26710,부산광역시 기장군 기장읍 차성동로5번길 10,부산광역시 기장군 기장읍 대라리 149-2,35.2385606,129.2162,기장읍 행정복지센터 1층 로비,7:00,18:00,7:00,18:00,7:00,18:00,2,N,Y,부산광역시 기장군청,051-709-4371,2026.5.19,3400000,부산광역시 기장군
기장군청,부산광역시,기장군,26710,부산광역시 기장군 기장읍 기장대로 560,부산광역시 기장군 기장읍 신천리 1,35.243477,129.222951,기장군청 1층 로비,5:00,23:59,5:00,23:59,5:00,23:59,2,N,Y,부산광역시 기장군청,051-709-4371,2026.5.19,3400000,부산광역시 기장군
일광역,부산광역시,기장군,26710,부산광역시 기장군 일광읍 일광로 111-10,부산광역시 기장군 일광읍 이천리 750-4,35.2674491,129.23308,일광역 2층 로비,5:00,23:59,5:00,23:59,5:00,23:59,2,N,Y,부산광역시 기장군청,051-709-4371,2026.5.19,3400000,부산광역시 기장군
오시리아역,부산광역시,기장군,26710,부산광역시 기장군 기장읍 동부산관광5로 14,부산광역시 기장군 기장읍 당사리 261-8,35.1962128,129.208263,오시리아역 1층 로비,5:00,23:59,5:00,23:59,5:00,23:59,2,N,Y,부산광역시 기장군청,051-709-4371,2026.5.19,3400000,부산광역시 기장군
고촌역,부산광역시,기장군,26710,부산광역시 기장군 철마면 반송로 991,부산광역시 기장군 철마면 고촌리 518-2,35.2359719,129.160448,고촌역사,5:00,23:59,5:00,23:59,5:00,23:59,1,N,N,고촌역,051-678-6413,2026.5.19,3400000,부산광역시 기장군
좌광천정원 방문자센터,부산광역시,기장군,26710,부산광역시 기장군 정관읍 정관8로 11,부산광역시 기장군 정관읍 매학리 709,35.3238994,129.177611,좌광천정원 방문자센터 대여물품 보관함 옆,0:00,23:59,0:00,23:59,0:00,23:59,2,Y,Y,부산광역시 기장군청,051-709-4371,2026.5.19,3400000,부산광역시 기장군
국민체육센터,부산광역시,수영구,26500,부산광역시 수영구 수영로521번길 77,부산광역시 수영구 광안동 1333,35.1527828,129.107531,지하1층 (안내데스크 무인발급기 옆),6:00,22:00,9:00,17:00,9:00,17:00,2,N,Y,부산광역시 수영구 행정지원과,051-610-4164,2026.5.12,3380000,부산광역시 수영구
민락역,부산광역시,수영구,26500,부산광역시 수영구 수영로 769,부산광역시 수영구 수영동 527,35.1667229,129.122791,지하1층 (엘리베이터 1호기 옆),5:29,23:59,5:29,23:59,5:29,23:59,2,N,Y,부산광역시 수영구 가족행복과,051-610-4164,2026.5.12,3380000,부산광역시 수영구
남천역,부산광역시,수영구,26500,부산광역시 수영구 수영로 410,부산광역시 수영구 남천동 78,35.1497439,129.110957,지하2층 (역무실 맞은편),5:22,23:59,5:22,23:59,5:22,23:59,2,N,Y,부산광역시 수영구 가족행복과,051-610-4164,2026.5.12,3380000,부산광역시 수영구
금련산역,부산광역시,수영구,26500,부산광역시 수영구 수영로 482,부산광역시 수영구 남천동 78,35.1497439,129.110957,지하1층 (역무실 맞은편),5:20,23:59,5:20,23:59,5:20,23:59,2,N,N,부산광역시 수영구 가족행복과,051-610-4164,2026.5.12,3380000,부산광역시 수영구
수영구 보건소,부산광역시,수영구,26500,부산광역시 수영구 수영로 637-5,부산광역시 수영구 광안동 661-1,35.1624773,129.113489,1층 (본관 입구),9:00,18:00,0:00,0:00,0:00,0:00,2,Y,N,부산광역시 수영구 가족행복과,051-610-4164,2026.5.12,3380000,부산광역시 수영구
민락동 행정복지센터,부산광역시,수영구,26500,부산광역시 수영구 광안해변로295번길 20,부산광역시 수영구 민락동 34-10,35.1572615,129.125433,1층 (무인발급기 옆),9:00,18:00,0:00,0:00,0:00,0:00,2,Y,Y,부산광역시 수영구 가족행복과,051-610-4164,2026.5.12,3380000,부산광역시 수영구
망미1동 행정복지센터,부산광역시,수영구,26500,부산광역시 수영구 연수로315번길 23,부산광역시 수영구 망미동 640-15,35.1734406,129.104909,1층 출입구 (엘리베이터 옆),9:00,18:00,0:00,0:00,0:00,0:00,2,N,Y,부산광역시 수영구 가족행복과,051-610-4164,2026.5.12,3380000,부산광역시 수영구
수영구 노인복지관,부산광역시,수영구,26500,부산광역시 수영구 황령대로489번길 83,부산광역시 수영구 남천동 552,35.1400466,129.111171,1층 (화장실 옆),9:00,18:00,0:00,0:00,0:00,0:00,2,N,N,부산광역시 수영구 가족행복과,051-610-4164,2026.5.12,3380000,부산광역시 수영구
수영구청,부산광역시,수영구,26500,부산광역시 수영구 남천동로 100,부산광역시 수영구 남천동 148-15,35.1453713,129.11237,1층 승강기 입구,9:00,18:00,0:00,0:00,0:00,0:00,2,N,Y,부산광역시 수영구 가족행복과,051-610-4164,2026.5.12,3380000,부산광역시 수영구
수영구 장애인협회,부산광역시,수영구,26500,부산광역시 수영구 광남로 218-4,부산광역시 수영구 민락동 163-12,35.1585038,129.122625,1층 (엘리베이터 옆),9:00,18:00,0:00,0:00,0:00,0:00,2,N,N,부산광역시 수영구 가족행복과,051-610-4164,2026.5.12,3380000,부산광역시 수영구
수영역,부산광역시,수영구,26500,부산광역시 수영구 수영로 677,부산광역시 수영구 광안동 1091-1,35.1658917,129.114829,지하1층 (역무실~14번 출구),5:20,23:59,5:20,23:59,5:20,23:59,2,N,N,부산광역시 보조기기광역센터,051-790-6190,2026.5.12,3380000,부산광역시 수영구
망미역,부산광역시,수영구,26500,부산광역시 수영구 연수로 337,부산광역시 수영구 망미동 603-2,35.1715291,129.108315,지하 1층 (만남의 광장 맞은편),5:22,23:59,5:22,23:59,5:22,23:59,2,N,N,부산광역시 보조기기광역센터,051-790-6190,2026.5.12,3380000,부산광역시 수영구
광안역,부산광역시,수영구,26500,부산광역시 수영구 수영로 576,부산광역시 수영구 광안동 205,35.1579194,129.113173,지하 2층 (대합실),5:18,23:59,5:18,23:59,5:18,23:59,2,N,N,부산광역시 보조기기광역센터,051-790-6190,2026.5.12,3380000,부산광역시 수영구
장애인복지관,부산광역시,수영구,26500,부산광역시 수영구 장대골로 75-14,부산광역시 수영구 광안동 1148-3,35.1593712,129.104987,1층 (야외테라스),9:00,18:00,0:00,0:00,0:00,0:00,2,N,Y,부산광역시 수영구 가족행복과,051-610-4164,2026.5.12,3380000,부산광역시 수영구
금정종합사회복지관,부산광역시,금정구,26410,부산광역시 금정구 반송로490번길47,부산광역시 금정구 금사동545-22,35.214655,129.118364,금정종합사회복지관 1층 로비,9:00,18:00,0:00,23:59,0:00,23:59,1,N,Y,부산광역시 금정구 금정종합사회복지관,051-532-0115,2026.5.19,3350000,부산광역시 금정구
두실역,부산광역시,금정구,26410,부산광역시 금정구 중앙대로1927-1,부산광역시 금정구 구서동262,35.2568757,129.091412,두실역 5번 출구쪽 대합실,9:00,18:00,0:00,23:59,0:00,23:59,1,N,Y,부산광역시 금정구 두실역,051-678-6131,2026.5.19,3350000,부산광역시 금정구
남산동행정복지센터,부산광역시,금정구,26410,부산광역시 금정구 중앙대로2097번길4,부산광역시 금정구 남산동21-5,35.2716614,129.092262,남산동행정복지센터 1층 민원실,9:00,18:00,0:00,23:59,0:00,23:59,1,N,Y,부산광역시 금정구 남산동행정복지센터,051-519-5461,2026.5.19,3350000,부산광역시 금정구
구서1동행정복지센터,부산광역시,금정구,26410,부산광역시 금정구 수림로72번길123,부산광역시 금정구 구서동1063,35.2451127,129.086896,구서1동행정복지센터 1층 민원실,9:00,18:00,0:00,23:59,0:00,23:59,1,N,Y,부산광역시 금정구 구서1동행정복지센터,051-519-5416,2026.5.19,3350000,부산광역시 금정구
장전2동행전복지센터,부산광역시,금정구,26410,부산광역시 금정구 소정로19,부산광역시 금정구 장전동715,35.2277469,129.080969,장전2동행전복지센터 1층 민원실,9:00,18:00,0:00,23:59,0:00,23:59,1,N,Y,부산광역시 금정구 장전2동행전복지센터,051-519-5314,2026.5.19,3350000,부산광역시 금정구
부곡1동행정복지센터,부산광역시,금정구,26410,부산광역시 금정구 동부곡로6번길29,부산광역시 금정구 부곡동323-1,35.2244076,129.092133,부곡1동행정복지센터 1층 민원실,9:00,18:00,0:00,23:59,0:00,23:59,1,N,Y,부산광역시 금정구 부곡1동행정복지센터,051-519-5217,2026.5.19,3350000,부산광역시 금정구
서2동행정복지센터,부산광역시,금정구,26410,부산광역시 금정구 서동중심로33,부산광역시 금정구 서동297-446,35.2128712,129.104495,서2동행정복지센터 1층 민원실,9:00,18:00,0:00,23:59,0:00,23:59,1,N,Y,부산광역시 금정구 서2동행정복지센터,051-519-5131,2026.5.19,3350000,부산광역시 금정구
장애인전동보조기기사전안전예방교육장,부산광역시,동구,32700,부산광역시 동구 중앙대로 333,부산광역시 동구 초량동 1142,35.126293,129.045609,교육장 외부 우측,10:00,18:00,0:00,0:00,0:00,0:00,1,N,N,부산광역시 동구청,051-440-4331,2026.4.27,3270000,부산광역시 동구
부산시민회관,부산광역시,동구,32700,부산광역시 동구 자성로133번길 16,부산광역시 동구 범일동 830-31,35.1388464,129.065224,소극장 로비 앞,10:00,18:00,10:00,18:00,10:00,18:00,2,N,Y,부산광역시 동구청,051-440-4331,2026.4.27,3270000,부산광역시 동구
부산장애인종합회관,부산광역시,동구,32700,부산광역시 동구 중앙대로196번길 12-3,부산광역시 동구 초량동 1203-2,35.1139274,129.040712,1층 출입구 앞,10:00,18:00,10:00,18:00,10:00,18:00,2,N,Y,부산광역시 동구청,051-440-4331,2026.4.27,3270000,부산광역시 동구
부산역(기차),부산광역시,동구,32700,부산광역시 동구 중앙대로 206,부산광역시 동구 초량동 1187-1,35.1176051,129.04506,2층 철도경찰 맞은편 에스컬레이터옆,10:00,18:00,10:00,18:00,10:00,18:00,2,N,Y,부산광역시 동구청,051-440-4331,2026.4.27,3270000,부산광역시 동구
부산역(기차),부산광역시,동구,32700,부산광역시 동구 중앙대로 206,부산광역시 동구 초량동 1187-1,35.1176051,129.04506,1층 5번 출입구,10:00,18:00,10:00,18:00,10:00,18:00,2,N,Y,부산광역시 동구청,051-440-4331,2026.4.27,3270000,부산광역시 동구
초량2동주민센터,부산광역시,동구,32700,부산광역시 동구 중앙대로209번길 30,부산광역시 동구 초량동 444-1,35.1165364,129.03849,출입구 옆,10:00,18:00,10:00,18:00,10:00,18:00,2,N,Y,부산광역시 동구청,051-440-4331,2026.4.27,3270000,부산광역시 동구
동구청,부산광역시,동구,32700,부산광역시 동구 구청로 1,부산광역시 동구 수정동 806-74,35.1292976,129.045298,2층 당직실 옆,10:00,18:00,10:00,18:00,10:00,18:00,2,N,Y,부산광역시 동구청,051-440-4331,2026.4.27,3270000,부산광역시 동구
부산역(지하철),부산광역시,동구,32700,부산광역시 동구 중앙대로 200,부산광역시 동구 초량동 1206-1,35.1144392,129.03928,3번 출구,10:00,18:00,10:00,18:00,10:00,18:00,2,N,Y,부산광역시장애인종합복지관,051-790-6190,2026.4.27,3270000,부산광역시 동구
범일역,부산광역시,동구,32700,부산광역시 동구 범일로 108,부산광역시 동구 범일동 833-11,35.1396099,129.059673,1번 출구,10:00,18:00,10:00,18:00,10:00,18:00,2,N,Y,부산광역시장애인종합복지관,051-790-6190,2026.4.27,3270000,부산광역시 동구
부산진역,부산광역시,동구,32700,부산광역시 동구 중앙대로 350,부산광역시 동구 초량동 1149-2,35.12684,129.047381,6번 출구,10:00,18:00,10:00,18:00,10:00,18:00,2,N,Y,부산광역시장애인종합복지관,051-790-6190,2026.4.27,3270000,부산광역시 동구
초량역,부산광역시,동구,32700,부산광역시 동구 중앙대로 264,부산광역시 동구 초량동 1170,35.121168,129.042991,8번 출구,10:00,18:00,10:00,18:00,10:00,18:00,2,N,Y,부산광역시장애인종합복지관,051-790-6190,2026.4.27,3270000,부산광역시 동구
거제역,부산광역시,연제구,26470,부산광역시 연제구 법원남로9번길 17(거제동),부산광역시 연제구 거제동 419-2,35.1895111,129.07429,2번+4번 출구,6:00,23:00,6:00,23:00,6:00,23:00,2,Y,Y,부산광역시 연제구청,051-665-4334,2026.3.19,3370000,부산광역시 연제구
연산1동행정복지센터,부산광역시,연제구,26470,부산광역시 연제구 쌍미천로52번길 2(연산동),부산광역시 연제구 연산동 2149-2,35.1774563,129.08966,1층주출입문내부,9:00,18:00,0:00,0:00,0:00,0:00,2,Y,Y,부산광역시 연제구 연산1동행정복지센터,051-665-4334,2026.3.19,3370000,부산광역시 연제구
연산6동행정복지센터,부산광역시,연제구,26470,부산광역시 연제구 쌍미천로52번길 2(연산동),부산광역시 연제구 연산동 2149-2,35.1774182,129.08966,1층주출입문내부,9:00,18:00,0:00,0:00,0:00,0:00,2,Y,Y,부산광역시 연제구 연산6동행정복지센터,051-665-5901,2026.3.19,3370000,부산광역시 연제구
부산의료원,부산광역시,연제구,26470,부산광역시 연제구 월드컵대로 359(거제동),부산광역시 연제구 거제동 1518,35.187417,129.060049,지하1층중앙로비ATM기옆,8:30,17:00,0:00,0:00,0:00,0:00,2,N,Y,부산광역시 연제구청,051-665-4334,2026.3.19,3370000,부산광역시 연제구
종합운동장역,부산광역시,연제구,26470,부산광역시 연제구 아시아드대로 73,부산광역시 연제구 거제동 1191-2,35.1912744,129.067572,"대합실1,3번출구근처",6:00,23:00,6:00,23:00,6:00,23:00,2,N,Y,부산광역시 연제구청,051-665-4334,2026.3.19,3370000,부산광역시 연제구
동해선거제해맞이역,부산광역시,연제구,26470,부산광역시 연제구 거제대로 123(거제동),부산광역시 연제구 거제동 676-1,35.1811728,129.068993,1층일광행열차게이트옆,6:00,23:00,6:00,23:00,6:00,23:00,2,N,Y,부산광역시 연제구청,051-665-4334,2026.3.19,3370000,부산광역시 연제구
동해선거제역,부산광역시,연제구,26470,부산광역시 연제구 법원남로9번길 14(거제동),부산광역시 연제구 거제동 1494-4,35.1900231,129.074236,3층중앙엘리베이터앞,6:00,23:00,6:00,23:00,6:00,23:00,2,N,Y,부산광역시 연제구청,051-665-4334,2026.3.19,3370000,부산광역시 연제구
연산9동행정복지센터,부산광역시,연제구,26470,부산광역시 연제구 과정로164번길 38(연산동),부산광역시 연제구 연산동 475-1,35.1859032,129.10938,1층입구옆,9:00,18:00,0:00,0:00,0:00,0:00,2,N,Y,부산광역시 연제구청,051-665-4334,2026.3.19,3370000,부산광역시 연제구
연제구청,부산광역시,연제구,26470,부산광역시 연제구 연제로 2(연산동),,35.1762117,129.079746,1층연제구홍보관앞,9:00,18:00,0:00,0:00,0:00,0:00,2,N,Y,부산광역시 연제구청,051-665-4334,2026.3.19,3370000,부산광역시 연제구
부산시청,부산광역시,연제구,26470,부산광역시 연제구 중앙대로 1001,,35.179926,129.075095,1층공무원매점옆,9:00,18:00,0:00,0:00,0:00,0:00,2,N,Y,부산광역시 연제구청,051-665-4334,2026.3.19,3370000,부산광역시 연제구
시청역,부산광역시,연제구,26470,부산광역시 연제구 중앙대로 지하1017(연산동),부산광역시 연제구 연산동 2022-374,35.1797757,129.076623,"대합실5,7번출구",6:00,23:00,6:00,23:00,6:00,23:00,2,N,N,금정장애인자립생활센터,051-582-3334,2026.3.19,3370000,부산광역시 연제구
곰두리스포츠센터,부산광역시,연제구,26470,부산광역시 연제구 화지로 109,,35.1852386,129.065732,3층,6:00,21:00,6:00,18:00,0:00,0:00,2,N,N,곰두리스포츠센터,051-503-6363,2026.3.19,3370000,부산광역시 연제구
연산종합사회복지관,부산광역시,연제구,26470,부산광역시 연제구 봉수로 17,부산광역시 연제구 연산동 2388,35.1727275,129.088909,1층 출입구 우측,0:00,23:59,0:00,23:59,0:00,23:59,2,N,N,부산광역시 연제구청,051-665-4334,2026.3.19,3370000,부산광역시 연제구
부산광역시장애인종합복지관,부산광역시,연제구,26470,부산광역시 연제구 중앙대로1150번길 15,부산광역시 연제구 연산동 578-5,35.1905618,129.081545,1층보조기기전시체험장,9:00,18:00,0:00,0:00,0:00,0:00,2,Y,N,부산광역시 장애인종합복지관,051-790-6100,2026.3.19,3370000,부산광역시 연제구
연산역(환승역),부산광역시,연제구,26470,부산광역시 연제구 중앙대로 1101,부산광역시 연제구 연산동 1515-1,35.1860721,129.081503,"3번,17번출구쪽현금지급기옆",6:00,23:00,6:00,23:00,6:00,23:00,2,Y,N,부산광역시 보조기기센터,051-790-6190,2026.3.19,3370000,부산광역시 연제구
물만골역,부산광역시,연제구,26470,부산광역시 연제구 월드컵대로 23,부산광역시 연제구 연산동 1515-11,35.1767586,129.085607,지하2층종합안내도후면,6:00,23:00,6:00,23:00,6:00,23:00,2,Y,N,부산광역시 보조기기센터,051-790-6190,2026.3.19,3370000,부산광역시 연제구
배산역,부산광역시,연제구,26470,부산광역시 연제구 연수로 229,부산광역시 연제구 연산동 1805-3,35.1734598,129.095702,5번출구근처,6:00,23:00,6:00,23:00,6:00,23:00,2,Y,N,부산광역시 보조기기센터,051-790-6190,2026.3.19,3370000,부산광역시 연제구
교대역1호선,부산광역시,연제구,26470,부산광역시 연제구 중앙대로1219번길4,,35.196397,129.07933,5번출구근처,6:00,23:00,6:00,23:00,6:00,23:00,2,Y,N,부산광역시 보조기기센터,051-790-6190,2026.3.19,3370000,부산광역시 연제구
연제도서관,부산광역시,연제구,26470,부산광역시 연제구 황령산로 612(연산동),부산광역시 연제구 연산동 2302,35.1741619,129.082964,1층로비,9:00,22:00,9:00,18:00,9:00,17:00,2,Y,Y,부산광역시 연제구청,051-665-4334,2026.3.19,3370000,부산광역시 연제구
체육공원역,부산광역시,강서구,33600,부산광역시 강서구 낙동북로 371,부산광역시 강서구 대저1동 2327-35,35.2125058,128.969456,1번 출구 3층,0:36,5:17,0:36,5:17,0:36,5:17,2,N,Y,부산광역시장애인종합복지관,051-790-6100,2026.2.19,3360000,부산광역시 강서구
대저역,부산광역시,강서구,33600,부산광역시 강서구 낙동북로 295,부산광역시 강서구 대저1동 1500-2,35.2133571,128.961053,1번 출구,5:16,23:40,5:16,23:40,5:16,23:40,2,N,Y,부산광역시장애인종합복지관,051-790-6100,2026.2.19,3360000,부산광역시 강서구
부산김해경전철 덕두역,부산광역시,강서구,33600,부산광역시 강서구 경전철로 10,부산광역시 강서구 대저2동 1858-3,35.1820003,128.954198,2번출구 교통카드충전기 옆,5:00,23:59,5:00,23:59,5:00,23:59,2,N,Y,부산광역시 강서구청,055-310-9823,2026.2.19,3360000,부산광역시 강서구
부산광역시 강서구청 종합민원실,부산광역시,강서구,33600,부산광역시 강서구 낙동북로 477,부산광역시 강서구 대저1동 2300,35.2122029,128.980585,1층 구민홀 옆,0:00,23:59,0:00,23:59,0:00,23:59,2,N,Y,부산광역시 강서구청,051-970-4152,2026.2.19,3360000,부산광역시 강서구
김해공항 국제선청사 1층,부산광역시,강서구,33600,부산광역시 강서구 공항진입로 108,부산광역시 강서구 대저2동 2350-1,35.1729352,128.946833,1층 로비 1번 게이트 부근,6:00,23:59,6:00,23:59,6:00,23:59,2,N,Y,부산광역시 강서구청,051-974-3976,2026.2.19,3360000,부산광역시 강서구
김해공항 국내선청사,부산광역시,강서구,33600,부산광역시 강서구 공항진입로 108,부산광역시 강서구 대저2동 2350-1,35.1729352,128.946833,1층 로비,6:00,23:59,6:00,23:59,6:00,23:59,2,N,Y,부산광역시 강서구청,051-974-3976,2026.2.19,3360000,부산광역시 강서구
만덕2동행정복지센터,부산광역시,북구,33200,부산광역시 북구 만덕2로44번길 10,부산광역시 북구 만덕동 289-1,35.2101851,129.037203,입구 게시판 앞,0:00,23:59,0:00,23:59,0:00,23:59,1,N,N,부산광역시 북구청 복지정책과,051-309-4329,2026.2.24,3320000,부산광역시 북구
금곡동행정복지센터,부산광역시,북구,33200,부산광역시 북구 금곡대로 466,부산광역시 북구 금곡동 1114-2,35.2500788,129.012848,2층 후문 옆 코너,0:00,23:59,0:00,23:59,0:00,23:59,1,N,N,부산광역시 북구청 복지정책과,051-309-4329,2026.2.24,3320000,부산광역시 북구
구포1동행정복지센터,부산광역시,북구,33200,부산광역시 북구 백양대로1172번길 18,부산광역시 북구 구포동 628,35.2062243,129.005605,입구 옆 왼쪽(현 문고),0:00,23:59,0:00,23:59,0:00,23:59,1,N,N,부산광역시 북구청 복지정책과,051-309-4329,2026.2.24,3320000,부산광역시 북구
구포역,부산광역시,북구,33200,부산광역시 북구 구포만세길 82,부산광역시 북구 구포동 1060-470,35.2054724,128.997142,1번출구 2층,0:00,23:59,0:00,23:59,0:00,23:59,1,N,N,부산광역시보조기기센터,051-790-6190,2026.2.24,3320000,부산광역시 북구
율리역,부산광역시,북구,33200,부산광역시 북구 금곡대로 440,부산광역시 북구 금곡동 1241,35.2471688,129.012918,3번 출구,0:00,23:59,0:00,23:59,0:00,23:59,1,N,N,부산광역시보조기기센터,051-790-6190,2026.2.24,3320000,부산광역시 북구
금곡역,부산광역시,북구,33200,부산광역시 북구 금곡대로 685,부산광역시 북구 금곡동 581-1,35.2674732,129.016906,5번 출구,0:00,23:59,0:00,23:59,0:00,23:59,1,N,N,부산광역시보조기기센터,051-790-6190,2026.2.24,3320000,부산광역시 북구
동원역,부산광역시,북구,33200,부산광역시 북구 금곡대로 577,부산광역시 북구 금곡동 846-1,35.2586438,129.012397,1번 출구,0:00,23:59,0:00,23:59,0:00,23:59,1,N,N,부산광역시보조기기센터,051-790-6190,2026.2.24,3320000,부산광역시 북구
만덕역,부산광역시,북구,33200,부산광역시 북구 만덕대로 291,부산광역시 북구 만덕동 607-1,35.2129568,129.036151,4번 출구,0:00,23:59,0:00,23:59,0:00,23:59,1,N,N,부산광역시보조기기센터,051-790-6190,2026.2.24,3320000,부산광역시 북구
부산장애인자립생활센터,부산광역시,북구,33200,부산광역시 북구 화명신도시로 117,부산광역시 북구 화명동 2275-3,35.2346651,129.010488,8층 교육실,0:00,23:59,0:00,23:59,0:00,23:59,1,N,N,부산광역시 북구청 복지정책과,051-309-4329,2026.2.24,3320000,부산광역시 북구
덕천역,부산광역시,북구,33200,부산광역시 북구 금곡대로 14,부산광역시 북구 덕천동 327,35.2111996,129.009676,7번 출구,0:00,23:59,0:00,23:59,0:00,23:59,1,N,N,부산광역시보조기기센터,051-790-6190,2026.2.24,3320000,부산광역시 북구
뇌병변장애인복지관,부산광역시,북구,33200,부산광역시 북구 학사로 246,부산광역시 북구 금곡동 1883,35.2444514,129.010067,1층 식당,0:00,23:59,0:00,23:59,0:00,23:59,1,N,N,부산광역시 북구청 복지정책과,051-309-4329,2026.2.24,3320000,부산광역시 북구
북구청,부산광역시,북구,33200,부산광역시 북구 낙동대로1570번길 33,부산광역시 북구 구포동 1124-1,35.1968825,128.990096,제1별관 1층,0:00,23:59,0:00,23:59,0:00,23:59,1,N,N,부산광역시 북구청 복지정책과,051-309-4329,2026.2.24,3320000,부산광역시 북구
수정역,부산광역시,북구,33200,부산광역시 북구 금곡대로 160,부산광역시 북구 화명동 941-1,35.2230836,129.009149,1번 출구,0:00,23:59,0:00,23:59,0:00,23:59,1,N,N,부산광역시보조기기센터,051-790-6190,2026.2.24,3320000,부산광역시 북구
숙등역,부산광역시,북구,33200,부산광역시 북구 만덕대로 79,부산광역시 북구 덕천동 462,35.2121463,129.013469,1번 출구,0:00,23:59,0:00,23:59,0:00,23:59,1,N,N,부산광역시보조기기센터,051-790-6190,2026.2.24,3320000,부산광역시 북구
덕천종합사회복지관,부산광역시,북구,33200,부산광역시 북구 덕천로 74,부산광역시 북구 덕천동 808,35.2090145,129.01715,1층 입구 옆 왼쪽 코너,0:00,23:59,0:00,23:59,0:00,23:59,1,N,N,부산광역시 북구청 복지정책과,051-309-4329,2026.2.24,3320000,부산광역시 북구
북구장애인종합복지관,부산광역시,북구,33200,부산광역시 북구 금곡대로616번길 145,부산광역시 북구 금곡동 54-3,35.267119,129.017555,1층 입구 옆 오른쪽,0:00,23:59,0:00,23:59,0:00,23:59,1,N,N,부산광역시 북구청 복지정책과,051-309-4329,2026.2.24,3320000,부산광역시 북구
북구장애인협회,부산광역시,북구,33200,부산광역시 북구 만덕대로65번길 79,부산광역시 북구 덕천동 457-40,35.2151653,129.010478,사무실 입구 왼쪽,0:00,23:59,0:00,23:59,0:00,23:59,1,N,N,부산광역시 북구청 복지정책과,051-309-4329,2026.2.24,3320000,부산광역시 북구
구포역(기차역),부산광역시,북구,33200,부산광역시 북구 구포만세길 82,부산광역시 북구 구포동 1060-470,35.2054724,128.997142,왼쪽 무인자판기옆 교통약자 대기실 안,0:00,23:59,0:00,23:59,0:00,23:59,1,N,N,부산광역시 북구청 복지정책과,051-309-4329,2026.2.24,3320000,부산광역시 북구
화명역,부산광역시,북구,33200,부산광역시 북구 금곡대로 311,부산광역시 북구 화명동 1458-9,35.2358032,129.013877,30번 게이트와 6번 출구 사이 공간,0:00,23:59,0:00,23:59,0:00,23:59,1,N,N,부산광역시 북구청 복지정책과,051-309-4329,2026.2.24,3320000,부산광역시 북구
구명역,부산광역시,북구,33200,부산광역시 북구 백양대로 1094,부산광역시 북구 구포동 969-1,35.2027471,128.999503,2호기 E/V 옆 유휴공간,0:00,23:59,0:00,23:59,0:00,23:59,1,N,N,부산광역시 북구청 복지정책과,051-309-4329,2026.2.24,3320000,부산광역시 북구
사하구청,부산광역시,사하구,33400,부산광역시 사하구 낙동대로398번길 12,부산광역시 사하구 당리동 317-16,35.1045209,128.97479,본관 안 오른쪽,9:00,18:00,0:00,23:59,0:00,23:59,2,N,Y,부산광역시 사하구청,051-220-5627,2026.1.12,3340000,부산광역시 사하구
사하두바퀴장애인자립생활센터,부산광역시,사하구,33400,부산광역시 사하구 하신번영로 135,부산광역시 사하구 신평동 647-3,35.0945929,128.959799,보조기기 지원센터 안,9:00,18:00,0:00,23:59,0:00,23:59,2,N,Y,부산광역시 사하구청,051-220-5627,2026.1.12,3340000,부산광역시 사하구
괴정역,부산광역시,사하구,33400,부산광역시 사하구 낙동대로 221,부산광역시 사하구 괴정동 970-6,35.0996945,128.9927,고객서비스센터 맞은 편,0:00,23:59,0:00,23:59,0:00,23:59,2,N,Y,부산광역시 사하구청,051-220-5627,2026.1.12,3340000,부산광역시 사하구
당리역,부산광역시,사하구,33400,부산광역시 사하구 낙동대로 405,부산광역시 사하구 당리동 323,35.1034905,128.97385,고객서비스센터 맞은 편,0:00,23:59,0:00,23:59,0:00,23:59,2,N,Y,부산광역시 사하구청,051-220-5627,2026.1.12,3340000,부산광역시 사하구
하단역,부산광역시,사하구,33400,부산광역시 사하구 낙동남로 1415,부산광역시 사하구 하단동 491,35.106181,128.966238,고객서비스센터 우측,0:00,23:59,0:00,23:59,0:00,23:59,2,N,Y,부산광역시 사하구청,051-220-5627,2026.1.12,3340000,부산광역시 사하구
신평역,부산광역시,사하구,33400,부산광역시 사하구 하신번영로 140,부산광역시 사하구 신평동 646,35.0921593,128.96059,1번 출구,0:00,23:59,0:00,23:59,0:00,23:59,2,N,Y,부산광역시 사하구청,051-220-5627,2026.1.12,3340000,부산광역시 사하구
서부산장애인스포츠센터,부산광역시,사하구,33400,부산광역시 사하구 낙동남로1233번길 20,부산광역시 사하구 하단동 1149-5,35.1094203,128.946942,1층 입구 왼쪽,6:00,22:00,9:00,18:00,9:00,18:00,2,N,Y,부산광역시 사하구청,051-220-5627,2026.1.12,3340000,부산광역시 사하구
사하구장애인종합복지관,부산광역시,사하구,33400,부산광역시 사하구 사하로68번길 65,부산광역시 사하구 구평동 43,35.085439,128.992997,1층 로비 계단 앞,9:00,18:00,0:00,23:59,0:00,23:59,2,N,Y,부산광역시 사하구청,051-220-5627,2026.1.12,3340000,부산광역시 사하구
낙조분수,부산광역시,사하구,33400,부산광역시 사하구 몰운대1길 14,부산광역시 사하구 다대동 482-3,35.0463817,128.968007,낙조분수 사무실 1층 로비,0:00,23:59,0:00,23:59,0:00,23:59,2,N,Y,부산광역시 사하구청,051-220-5627,2026.1.12,3340000,부산광역시 사하구
다대포해수욕장역,부산광역시,사하구,33400,부산광역시 사하구 다대로 692,부산광역시 사하구 다대동 1552-16,35.0484461,128.96587,2번출구 보관함 옆,0:00,23:59,0:00,23:59,0:00,23:59,2,N,Y,부산광역시 사하구청,051-220-5627,2026.1.12,3340000,부산광역시 사하구
다대포항역,부산광역시,사하구,33400,부산광역시 사하구 다대로 548,부산광역시 사하구 다대동 909-2,35.0575358,128.971137,만남의장소 알림판 옆,0:00,23:59,0:00,23:59,0:00,23:59,2,N,Y,부산광역시 사하구청,051-220-5627,2026.1.12,3340000,부산광역시 사하구
낫개역,부산광역시,사하구,33400,부산광역시 사하구 다대로 423,부산광역시 사하구 다대동 63-13,35.0652043,128.979878,만남의장소 좌측,0:00,23:59,0:00,23:59,0:00,23:59,2,N,Y,부산광역시 사하구청,051-220-5627,2026.1.12,3340000,부산광역시 사하구
신장림역,부산광역시,사하구,33400,부산광역시 사하구 다대로 310,부산광역시 사하구 장림동 381,35.0747728,128.976625,3번출구 근처 알림판 옆,0:00,23:59,0:00,23:59,0:00,23:59,2,N,Y,부산광역시 사하구청,051-220-5627,2026.1.12,3340000,부산광역시 사하구
장림역,부산광역시,사하구,33400,부산광역시 사하구 다대로 230,부산광역시 사하구 장림동 186-1,35.0820126,128.977402,1번출구 게시판 옆,0:00,23:59,0:00,23:59,0:00,23:59,2,N,Y,부산광역시 사하구청,051-220-5627,2026.1.12,3340000,부산광역시 사하구
동매역,부산광역시,사하구,33400,부산광역시 사하구 신산로 168,부산광역시 사하구 신평동 583,35.0897612,128.973447,4번출구 좌측,0:00,23:59,0:00,23:59,0:00,23:59,2,N,Y,부산광역시 사하구청,051-220-5627,2026.1.12,3340000,부산광역시 사하구
사하역,부산광역시,사하구,33400,부산광역시 사하구 낙동대로 309,부산광역시 사하구 괴정동 578-5,35.099605,128.983054,고객서비스센터 좌측,0:00,23:59,0:00,23:59,0:00,23:59,2,N,Y,부산광역시 사하구청,051-220-5627,2026.1.12,3340000,부산광역시 사하구
안락2동행정복지센터,부산광역시,동래구,26260,부산광역시 동래구 명안로18번길 103 (안락동),부산광역시 동래구 안락동 464-38,35.197754,129.110064,1층 입구우측벽면,9:00,18:00,0:00,0:00,0:00,0:00,1,Y,N,부산광역시 동래구,051-550-4884,2025.12.24,3300000,부산광역시 동래구
동래문화회관,부산광역시,동래구,26260,부산광역시 동래구 문화로 80 (명륜동),부산광역시 동래구 명륜동 137,35.2119523,129.090544,대극장 본관 1층 티켓 발권기 옆,9:00,18:00,0:00,0:00,0:00,0:00,1,Y,N,부산광역시 동래구,051-550-4884,2025.12.24,3300000,부산광역시 동래구
명장1동 주민센터,부산광역시,동래구,26260,부산광역시 동래구 명장로 32 (명장동),부산광역시 동래구 명장동 133-5,35.2046967,129.104249,1층 출입구,9:00,18:00,0:00,0:00,0:00,0:00,1,Y,N,부산광역시 동래구,051-550-4884,2025.12.24,3300000,부산광역시 동래구
사직2동 주민센터,부산광역시,동래구,26260,부산광역시 동래구 사직북로63번길 22 (사직동),부산광역시 동래구 사직동 1036,35.1992172,129.057519,1층 민원실,9:00,18:00,0:00,0:00,0:00,0:00,1,Y,N,부산광역시 동래구,051-550-4884,2025.12.24,3300000,부산광역시 동래구
온천2동 주민센터,부산광역시,동래구,26260,부산광역시 동래구 충렬대로107번길 28 (온천동),부산광역시 동래구 온천동 707-3,35.2079865,129.072985,1층 민원실,9:00,18:00,0:00,0:00,0:00,0:00,1,Y,N,부산광역시 동래구,051-550-4884,2025.12.24,3300000,부산광역시 동래구
동래구 장애인협회,부산광역시,동래구,26260,부산광역시 동래구 충렬대로 509 (안락동),부산광역시 동래구 안락동 475-3,35.19476,129.113697,1층 출입구,9:00,18:00,0:00,0:00,0:00,0:00,1,Y,N,부산광역시 동래구,051-550-4884,2025.12.24,3300000,부산광역시 동래구
동래구 보건소,부산광역시,동래구,26260,부산광역시 동래구 명륜로187번길 56 (명륜동),부산광역시 동래구 명륜동 702-54,35.211412,129.079853,1층 민원실,9:00,18:00,0:00,0:00,0:00,0:00,1,Y,N,부산광역시 동래구,051-550-4884,2025.12.24,3300000,부산광역시 동래구
동래구청,부산광역시,동래구,26260,부산광역시 동래구 온천천로359번길 70 (낙민동),부산광역시 동래구 낙민동 150-11,35.1964601,129.092755,1층 입구 왼쪽,9:00,18:00,0:00,0:00,0:00,0:00,1,Y,N,부산광역시 동래구,051-550-4884,2025.12.24,3300000,부산광역시 동래구
충렬사역,부산광역시,동래구,26260,부산광역시 동래구 반송로 205,부산광역시 동래구 안락동 473,35.1996911,129.097537,4번 출구,6:00,23:59,6:00,23:59,6:00,23:59,1,Y,N,부산광역시 동래구,051-550-4884,2025.12.24,3300000,부산광역시 동래구
낙민역,부산광역시,동래구,26260,부산광역시 동래구 충렬대로 285,부산광역시 동래구 낙민동 205-4,35.2001929,129.090827,3번 출구,6:00,23:59,6:00,23:59,6:00,23:59,1,Y,N,부산광역시 동래구,051-550-4884,2025.12.24,3300000,부산광역시 동래구
수안역,부산광역시,동래구,26260,부산광역시 동래구 충렬대로 지하 223 (수안동),부산광역시 동래구 수안동 204-2,35.2018371,129.083899,지하1층 공중전화 옆,6:00,23:59,6:00,23:59,6:00,23:59,1,Y,N,부산광역시 동래구,051-550-4884,2025.12.24,3300000,부산광역시 동래구
명장역,부산광역시,동래구,26260,부산광역시 동래구 반송로 지하 281 (안락동),부산광역시 동래구 명장동 184-2,35.20533,129.101824,3번 출구,6:00,23:59,6:00,23:59,6:00,23:59,1,Y,N,부산광역시 동래구,051-550-4884,2025.12.24,3300000,부산광역시 동래구
미남역,부산광역시,동래구,26260,부산광역시 동래구 아시아드대로 232,부산광역시 동래구 온천동 1470,35.2055969,129.068124,7번 출구,6:00,23:59,6:00,23:59,6:00,23:59,1,Y,N,부산광역시 동래구,051-550-4884,2025.12.24,3300000,부산광역시 동래구
사직역,부산광역시,동래구,26260,부산광역시 동래구 아시아드대로 153,부산광역시 동래구 사직동 161-87,35.1989699,129.065057,3번 출구,6:00,23:59,6:00,23:59,6:00,23:59,1,Y,N,부산광역시 동래구,051-550-4884,2025.12.24,3300000,부산광역시 동래구
온천장역,부산광역시,동래구,26260,부산광역시 동래구 중앙대로 1520 (온천동),부산광역시 동래구 온천동 1750-1,35.2135031,129.080114,고객서비스센터 역무실 맞은편,6:00,23:00,6:00,23:00,6:00,23:00,1,Y,N,부산광역시 동래구,051-550-4884,2025.12.24,3300000,부산광역시 동래구
사직종합사회복지관,부산광역시,동래구,26260,부산광역시 동래구 사직북로63번길 20-7 (사직동),부산광역시 동래구 사직동 1034,35.1991209,129.057299,복지관 입구 장애인주차구역 옆,9:00,18:00,0:00,0:00,0:00,0:00,1,Y,N,부산광역시 동래구,051-550-4884,2025.12.24,3300000,부산광역시 동래구
동래종합사회복지관,부산광역시,동래구,26260,부산광역시 동래구 시실로107번길 151 (명장동),부산광역시 동래구 명장동 508-72,35.2112259,129.098572,1층 정문 로비,9:00,18:00,0:00,0:00,0:00,0:00,1,Y,N,부산광역시 동래구,051-550-4884,2025.12.24,3300000,부산광역시 동래구
동래구장애인복지관,부산광역시,동래구,26260,부산광역시 동래구 충렬대로 386 (안락동),부산광역시 동래구 안락동 436-18,35.196845,129.100522,정문 주차장 화단 옆,9:00,18:00,0:00,0:00,0:00,0:00,1,Y,N,부산광역시 동래구,051-550-4884,2025.12.24,3300000,부산광역시 동래구
동래구 장애인복지관,부산광역시,동래구,26260,부산광역시 동래구 충렬대로 386 (안락동),부산광역시 동래구 안락동 436-18,35.196845,129.100522,1층 출입구,9:00,18:00,0:00,0:00,0:00,0:00,1,Y,N,부산광역시 동래구,051-550-4884,2025.12.24,3300000,부산광역시 동래구
광혜병원,부산광역시,동래구,26260,부산광역시 동래구 충렬대로 96 (온천동),부산광역시 동래구 온천동 1426-6,35.2069684,129.071145,1층 로비 안내데스크 옆,9:00,18:00,0:00,0:00,0:00,0:00,1,Y,N,부산광역시 동래구,051-550-4884,2025.12.24,3300000,부산광역시 동래구
안락역,부산광역시,동래구,26260,부산광역시 동래구 안연로98번길 57 (안락동),부산광역시 동래구 안락동 201-2,35.1960199,129.100547,3번출입구 기둥 옆,6:00,23:59,6:00,23:59,6:00,23:59,1,Y,N,부산광역시 동래구,051-550-4884,2025.12.24,3300000,부산광역시 동래구
동래역,부산광역시,동래구,26260,부산광역시 동래구 낙민로 27(낙민동),부산광역시 동래구 낙민동 130-4,35.1971714,129.091286,승강기 출입구 옆,6:00,23:59,6:00,23:59,6:00,23:59,1,Y,N,부산광역시 동래구,051-550-4884,2025.12.24,3300000,부산광역시 동래구
해동병원,부산광역시,영도구,32800,부산광역시 영도구 절영로 13번길 59(봉래동3가),부산광역시 영도구 봉래동 3가 5,35.0921853,129.043361,별관로비,9:00,18:00,0:00,13:00,0:00,0:00,2,N,Y,부산광역시 영도구청,051-419-4371,2025.12.26,3280000,부산광역시 영도구
영도병원,부산광역시,영도구,32800,부산광역시 영도구 태종로 85(대교동2가),부산광역시 영도구 대교동2가 71,35.0922457,129.040532,별관로비,9:00,18:00,0:00,13:00,0:00,0:00,2,N,Y,부산광역시 영도구청,051-419-4371,2025.12.26,3280000,부산광역시 영도구
고신대학교(영도캠퍼스),부산광역시,영도구,32800,부산광역시 영도구 와치로 194(동삼동),부산광역시 영도구 동삼동 516-36,35.0794694,129.062182,1동1층1101강의실옆,9:00,18:00,0:00,0:00,0:00,0:00,2,N,Y,부산광역시 영도구청,051-419-4371,2025.12.26,3280000,부산광역시 영도구
영도장애인자립생활센터,부산광역시,영도구,32800,부산광역시 영도구 절영로 560(동삼동),부산광역시 영도구 동삼동 363-3,35.0757512,129.072429,교육실 벽면,9:00,18:00,0:00,0:00,0:00,0:00,2,N,Y,부산광역시 영도구청,051-419-4371,2025.12.26,3280000,부산광역시 영도구
(사)영도구장애인협회,부산광역시,영도구,32800,부산광역시 영도구 동삼북로 3(동삼동),부산광역시 영도구 동삼동 1121,35.0830449,129.069222,출입구 옆,9:00,18:00,0:00,0:00,0:00,0:00,2,N,Y,부산광역시 영도구청,051-419-4371,2025.12.26,3280000,부산광역시 영도구
절영종합사회복지관,부산광역시,영도구,32800,부산광역시 영도구 함지로 33-10(동삼동),부산광역시 영도구 동삼동 1124-6,35.0722127,129.061746,1층현관외부,9:00,18:00,0:00,0:00,0:00,0:00,2,N,Y,부산광역시 영도구청,051-419-4371,2025.12.26,3280000,부산광역시 영도구
영도구장애인복지관,부산광역시,영도구,32800,부산광역시 영도구 함지로 79번길6(동삼동),부산광역시 영도구 동삼동 516-1,35.0752685,129.066862,지하1층입구,9:00,18:00,0:00,0:00,0:00,0:00,2,N,Y,부산광역시 영도구청,051-419-4371,2025.12.26,3280000,부산광역시 영도구
영도구청,부산광역시,영도구,32800,부산광역시 영도구 태종로 423(청학동),부산광역시 영도구 청학동 48-3,35.0912141,129.067914,1층 부산은행ATM옆,9:00,18:00,0:00,0:00,0:00,0:00,2,N,Y,부산광역시 영도구청,051-419-4371,2025.12.26,3280000,부산광역시 영도구
부산지방보훈청,부산광역시,중구,26110,부산광역시 중구 중앙대로148번길 13,부산광역시 중구 중앙동4가 74-11,35.1104947,129.039297,부산보훈청  1층 안내데스크,9:00,18:00,0:00,0:00,0:00,0:00,2,N,Y,부산지방보훈청 총무과,051-660-6323,2025.11.6,3250000,부산광역시 중구
영화체험박물관,부산광역시,중구,26110,부산광역시 중구 대청로126번길 12,부산광역시 중구 동광동3가 41-4,35.1016612,129.033592,부산영화박물관 1층 로비,10:00,18:00,10:00,18:00,10:00,18:00,2,N,Y,영화체험박물관 관리사무실,051-715-4200,2025.11.6,3250000,부산광역시 중구
보수동행정복지센터,부산광역시,중구,26110,부산광역시 중구 보수대로140번길 61,부산광역시 중구 보수동1가 48-2,35.1061815,129.024694,보수동 주민센터 1층 민원실,9:00,18:00,0:00,0:00,0:00,0:00,2,N,Y,부산광역시 중구 보수동행정복지센터 복지담당,051-600-6440,2025.11.6,3250000,부산광역시 중구
자갈치역,부산광역시,중구,26110,부산광역시 중구 구덕로 80,부산광역시 중구 남포동6가 74-1,35.0977573,129.027114,자갈치역 3번 출구,0:00,23:59,0:00,23:59,0:00,23:59,2,N,Y,교통공사 영업처,051-640-7266,2025.11.6,3250000,부산광역시 중구
중앙역,부산광역시,중구,26110,부산광역시 중구 중앙대로 83,부산광역시 중구 중앙동4가 26-3,35.1037577,129.036357,중앙역 12번 출구,0:00,23:59,0:00,23:59,0:00,23:59,2,N,Y,교통공사 영업처,051-678-6112,2025.11.6,3250000,부산광역시 중구
부산광역시 중구청,부산광역시,중구,26110,부산광역시 중구 중구로 120,부산광역시 중구 대청동1가 1-4,35.1061985,129.032351,부산광역시 중구청 1층 민원실,0:00,23:59,0:00,23:59,0:00,23:59,2,N,Y,부산광역시 중구청,051-600-4334,2025.11.6,3250000,부산광역시 중구
남부민2동 행정복지센터,부산광역시,서구,26140,부산광역시 서구 천마로 87,부산광역시 서구 남부민동 456-6,35.0845084,129.020545,1층 출입문 옆,9:00,18:00,0:00,0:00,0:00,0:00,2,N,Y,부산광역시 서구청,051-240-4824,2025.11.17,3260000,부산광역시 서구
서대신1동 행정복지센터,부산광역시,서구,26140,부산광역시 서구 구덕로315번길 49,부산광역시 서구 서대신동2가 179-1,35.1110829,129.014418,1층 민원실,9:00,18:00,0:00,0:00,0:00,0:00,2,N,Y,부산광역시 서구청,051-240-4824,2025.11.17,3260000,부산광역시 서구
동대신역,부산광역시,서구,26140,부산광역시 서구 구덕로 290,부산광역시 서구 동대신동2가 428-9,35.1104878,129.017621,"5,7번 출구 B환기실 벽면",0:00,23:59,0:00,23:59,0:00,23:59,2,N,Y,부산광역시 서구청,051-240-4824,2025.11.17,3260000,부산광역시 서구
서대신역,부산광역시,서구,26140,부산광역시 서구 대영로 1,부산광역시 서구 서대신동2가 338,35.1109018,129.012172,대합실 핸드폰충전대 옆,0:00,23:59,0:00,23:59,0:00,23:59,2,N,Y,부산광역시 서구청,051-240-4824,2025.11.17,3260000,부산광역시 서구
서구청,부산광역시,서구,26140,부산광역시 서구 구덕로120,부산광역시 서구 토성동 4가 2-3,35.097366,129.023462,서관동 1층 출입문 옆,0:00,23:59,0:00,23:59,0:00,23:59,2,N,Y,부산광역시 서구청,051-240-4824,2025.11.17,3260000,부산광역시 서구
송도스포츠센터,부산광역시,서구,26140,부산광역시 서구 송도해변로 121,부산광역시 서구 암남동 229-10,35.078077,129.02011,1층 출입문 왼쪽,9:00,18:00,9:00,13:00,0:00,0:00,2,N,Y,부산광역시 서구청,051-240-4824,2025.11.17,3260000,부산광역시 서구
서구장애인복지관,부산광역시,서구,26140,부산광역시 서구 보수대로154번길 36,부산광역시 서구 동대신동1가 17-1,35.1106652,129.023529,1층 안내데스크옆,9:00,18:00,9:00,13:00,0:00,0:00,2,N,Y,부산광역시 서구청,051-240-4824,2025.11.17,3260000,부산광역시 서구
부산대학병원,부산광역시,서구,26140,부산광역시 서구 구덕로 179,부산광역시 서구 아미동1가 10-1,35.101055,129.019222,B동 비즈니스센터 1층 무인민원발급기 옆,9:00,18:00,0:00,0:00,0:00,0:00,2,N,Y,부산광역시 서구청,051-240-4824,2025.11.17,3260000,부산광역시 서구
서구보건소,부산광역시,서구,26140,부산광역시 서구 부용로 30,부산광역시 서구 부용동2가 86,35.107436,129.018038,1층,9:00,18:00,0:00,0:00,0:00,0:00,2,N,Y,부산광역시 서구청,051-240-4824,2025.11.17,3260000,부산광역시 서구
범천2동 주민센터,부산광역시,부산진구,26230,부산광역시 부산진구 신암로 48,부산광역시 부산진구 범천동 960-1,35.1465185,129.056204,민원실,9:00,18:00,0:00,0:00,0:00,0:00,2,N,Y,부산광역시 부산진구청 가족지원과,051-605-4825,2025.11.20,3290000,부산광역시 부산진구
부산진구청,부산광역시,부산진구,26230,부산광역시 부산진구 시민공원로 30,부산광역시 부산진구 부암동 666-16,35.1628329,129.053188,구청 후문,9:00,18:00,0:00,0:00,0:00,0:00,2,N,Y,부산광역시 부산진구청 가족지원과,051-605-4825,2025.11.20,3290000,부산광역시 부산진구
지하철 2호선 개금역,부산광역시,부산진구,26230,부산광역시 부산진구 가야대로 442,부산광역시 부산진구 개금동 487-2,35.1531949,129.020374,2번출구 인근,6:00,23:00,6:00,23:00,6:00,23:00,2,N,Y,부산광역시보조기기센터,051-790-6190,2025.11.20,3290000,부산광역시 부산진구
지하철 2호선 가야역,부산광역시,부산진구,26230,부산광역시 부산진구 가야대로 650,부산광역시 부산진구 가야동 15-13,35.1558738,129.042825,매점 옆,6:00,23:00,6:00,23:00,6:00,23:00,2,N,Y,부산광역시보조기기센터,051-790-6190,2025.11.20,3290000,부산광역시 부산진구
지하철 1호선 서면역,부산광역시,부산진구,26230,부산광역시 부산진구 부전로 187-1,부산광역시 부산진구 부전동 573-1,35.1638426,129.061221,15번 출구 인근,6:00,23:00,6:00,23:00,6:00,23:00,2,N,Y,부산광역시보조기기센터,051-790-6190,2025.11.20,3290000,부산광역시 부산진구
지하철 1호선 양정역,부산광역시,부산진구,26230,부산광역시 부산진구 중앙대로 930,부산광역시 부산진구 양정동 408-4,35.1714667,129.0729,화장실 맞은편,6:00,23:00,6:00,23:00,6:00,23:00,2,N,Y,부산광역시보조기기센터,051-790-6190,2025.11.20,3290000,부산광역시 부산진구
지하철 1호선 범내골역,부산광역시,부산진구,26230,부산광역시 부산진구 중앙대로 612,부산광역시 부산진구 범천동 855-3,35.1472608,129.06001,2번출구 인근,6:00,23:00,6:00,23:00,6:00,23:00,2,N,Y,부산광역시보조기기센터,051-790-6190,2025.11.20,3290000,부산광역시 부산진구
부산어린이대공원,부산광역시,부산진구,26230,부산광역시 부산진구 새싹로 295,부산광역시 부산진구 초읍동 43,35.1825036,129.046689,전기차충전소 옆,6:00,23:00,6:00,23:00,6:00,23:00,2,N,Y,부산광역시 부산진구청 가족지원과,051-605-4825,2025.11.20,3290000,부산광역시 부산진구
지하철 2호선 전포역,부산광역시,부산진구,26230,부산광역시 부산진구 전포대로 181,부산광역시 부산진구 전포동 870-1,35.1528381,129.065362,엘리베이터 1호기 옆,6:00,23:00,6:00,23:00,6:00,23:00,2,N,Y,부산광역시 부산진구청 가족지원과,051-605-4825,2025.11.20,3290000,부산광역시 부산진구
동해선 부전역,부산광역시,부산진구,26230,부산광역시 부산진구 부전로 181,부산광역시 부산진구 부전동 280-76,35.1640428,129.060503,대합실 맞이방,6:00,23:00,6:00,23:00,6:00,23:00,2,N,Y,부산광역시 부산진구청 가족지원과,051-605-4825,2025.11.20,3290000,부산광역시 부산진구
부산시민공원,부산광역시,부산진구,26230,부산광역시 부산진구 시민공원로 73,부산광역시 부산진구 범전동 200,35.1654508,129.055856,다솜관 1층,6:00,23:00,6:00,23:00,6:00,23:00,2,N,Y,부산광역시 부산진구청 가족지원과,051-605-4825,2025.11.20,3290000,부산광역시 부산진구
부산진구노인장애인복지관,부산광역시,부산진구,26230,부산광역시 부산진구 전포대로300번길 6,부산광역시 부산진구 전포동 581,35.1640471,129.065848,1층 정문 앞,9:00,18:00,9:00,18:00,9:00,18:00,2,N,Y,부산광역시 부산진구청 가족지원과,051-605-4825,2025.11.20,3290000,부산광역시 부산진구
모라3동 행정복지센터,부산광역시,사상구,33900,부산광역시 사상구 모라로 110번길 60,,35.1841711,128.993967,만선횟집 옆,0:00,23:59,0:00,23:59,0:00,23:59,4,Y,Y,부산광역시 사상구,051-310-4865,2025.11.14,3390000,부산광역시 사상구
좋은삼선병원,부산광역시,사상구,33900,부산광역시 사상구 가야대로 326,,35.1501511,129.007809,1층 안쪽 휴게공간 옆,0:00,23:59,0:00,23:59,0:00,23:59,2,Y,Y,부산광역시 사상구,051-310-4865,2025.11.14,3390000,부산광역시 사상구
백양종합사회복지관,부산광역시,사상구,33900,부산광역시 사상구 모라로192번길 20-33,,35.1837282,128.999348,1층 현관입구,0:00,23:59,0:00,23:59,0:00,23:59,2,Y,Y,부산광역시 사상구,051-310-4865,2025.11.14,3390000,부산광역시 사상구
사상구장애인복지관,부산광역시,사상구,33900,부산광역시 사상구 모라로192번길 21,,35.1848992,129.000941,1층 야외휴게공간 옆,0:00,23:59,0:00,23:59,0:00,23:59,2,Y,Y,부산광역시 사상구,051-310-4865,2025.11.14,3390000,부산광역시 사상구
괘법르네시떼역(경전철),부산광역시,사상구,33900,부산광역시 사상구 광장로 9,,35.1632616,128.977684,개찰구 옆 역무휴게실(고객지원실 앞),0:00,23:59,0:00,23:59,0:00,23:59,2,Y,Y,부산광역시 사상구,051-310-4865,2025.11.14,3390000,부산광역시 사상구
사상경찰서,부산광역시,사상구,33900,부산광역시 사상구 학감대로 264,,35.1543405,128.991494,1층 로비 안내 옆,0:00,23:59,0:00,23:59,0:00,23:59,2,Y,Y,부산광역시 사상구,051-310-4865,2025.11.14,3390000,부산광역시 사상구
사상구청소년수련관,부산광역시,사상구,33900,부산광역시 사상구 덕상로 129,,35.183317,128.990561,1층 로비 소강당 입구 앞,0:00,23:59,0:00,23:59,0:00,23:59,2,Y,Y,부산광역시 사상구,051-310-4865,2025.11.14,3390000,부산광역시 사상구
사상구다누림센터,부산광역시,사상구,33900,부산광역시 사상구 가야대로196번길 51,,35.1474457,128.994874,1층 로비.휴게공간 옆,0:00,23:59,0:00,23:59,0:00,23:59,2,Y,Y,부산광역시 사상구,051-310-4865,2025.11.14,3390000,부산광역시 사상구
사상구생활사박물관,부산광역시,사상구,33900,부산광역시 사상구 낙동대로1258번길 36,,35.1720228,128.978719,1층  엘리베이터 옆,0:00,23:59,0:00,23:59,0:00,23:59,2,Y,Y,부산광역시 사상구,051-310-4865,2025.11.14,3390000,부산광역시 사상구
모라1동 행정복지센터,부산광역시,사상구,33900,부산광역시 사상구 모라로 93,,35.187002,128.989876,외부 무인택배보관함 옆,0:00,23:59,0:00,23:59,0:00,23:59,2,Y,Y,부산광역시 사상구,051-310-4865,2025.11.14,3390000,부산광역시 사상구
해운대구문화복합센터,부산광역시,해운대구,26350,부산광역시 해운대구 센텀중앙로 170,부산광역시 해운대구 재송동 1192,35.1820883,129.121472,1층 로비 내,9:00,18:00,0:00,0:00,0:00,0:00,1,N,Y,해운대구문화복합센터,051-749-5766,2025.12.16,3330000,부산광역시 해운대구
해운대장애인복지관,부산광역시,해운대구,26350,부산광역시 해운대구 선수촌로207번길 81,부산광역시 해운대구 반여동 1502-147,35.2108581,129.121937,1층 입구 엘리베이터 근처,9:00,18:00,0:00,0:00,0:00,0:00,1,N,Y,해운대장애인복지관,051-521-5200,2025.12.16,3330000,부산광역시 해운대구
지체장애인협회해운대지부,부산광역시,해운대구,26350,부산광역시 해운대구 반송로 940-1,부산광역시 해운대구 반송동 15-4,35.233439,129.155886,1층 사무실 내,9:00,17:00,0:00,0:00,0:00,0:00,1,N,Y,지체장애인협회해운대지부,051-731-1555,2025.12.16,3330000,부산광역시 해운대구
인제대학교해운대백병원,부산광역시,해운대구,26350,부산광역시 해운대구 해운대로 875,부산광역시 해운대구 좌동 1435,35.1732588,129.182163,1층 로비 내,0:00,23:59,0:00,23:59,0:00,23:59,1,N,Y,인제대학교해운대백병원,051-797-3701,2025.12.16,3330000,부산광역시 해운대구
영화의전당,부산광역시,해운대구,26350,부산광역시 해운대구 수영강변대로 120,부산광역시 해운대구 우동 1467,35.171038,129.127086,본관 안내데스크 반대편 신관 안내데스크 반대편,8:00,23:00,8:00,23:00,8:00,23:00,1,N,Y,영화의전당,051-780-6152,2025.12.16,3330000,부산광역시 해운대구
벡스코,부산광역시,해운대구,26350,부산광역시 해운대구 APEC로 55 (1500 벡스코),부산광역시 해운대구 우동 1500,35.169099,129.136041,1층 로비 엘리베이터 우측,9:00,18:00,9:00,18:00,9:00,18:00,2,N,Y,벡스코,051-740-7321,2025.12.16,3330000,부산광역시 해운대구
동해선신해운대역,부산광역시,해운대구,26350,부산광역시 해운대구 장산로 427,부산광역시 해운대구 좌동 132,35.1816957,129.177033,대합실 수유실 옆,5:35,0:00,5:35,0:10,5:35,0:10,1,N,N,동해선신해운대역,051-440-2271,2025.12.16,3330000,부산광역시 해운대구
동해선벡스코역,부산광역시,해운대구,26350,부산광역시 해운대구 해운대로 351,부산광역시 해운대구 우동 1111-2,35.1715534,129.136099,대합실 1번 출구 옆,5:00,0:10,5:40,0:20,5:40,0:20,1,N,Y,동해선벡스코역,051-440-2266,2025.12.16,3330000,부산광역시 해운대구
2호선해운대역,부산광역시,해운대구,26350,부산광역시 해운대구 해운대로 626,부산광역시 해운대구 우동 656,35.1636448,129.158875,엘리베이터 4호기 뒤,5:20,0:30,5:20,0:30,5:20,0:30,1,N,N,2호선해운대역,051-640-7266,2025.12.16,3330000,부산광역시 해운대구
센텀시티역,부산광역시,해운대구,26350,부산광역시 해운대구 센텀남대로 76,부산광역시 해운대구 우동 1524,35.1692748,129.132362,지하철 11번 출구 근처,5:00,0:00,5:00,0:00,5:00,0:00,1,N,Y,센텀시티역,051-678-6206,2025.12.16,3330000,부산광역시 해운대구
장산역,부산광역시,해운대구,26350,부산광역시 해운대구 해운대로 820,부산광역시 해운대구 좌동 1491,35.1699309,129.176951,지하철 고객서비스센터에서 9번 출구 방향,5:00,0:40,5:00,0:40,5:00,0:40,1,N,Y,장산역,051-678-6201,2025.12.16,3330000,부산광역시 해운대구
벡스코역,부산광역시,해운대구,26350,부산광역시 해운대구 해운대로 396,부산광역시 해운대구 우동 1086-3,35.1688892,129.138878,지하철 고객서비스센터에서 8번 출구 방향,5:00,0:30,5:00,0:30,5:00,0:30,1,N,Y,벡스코역,051-678-6205,2025.12.16,3330000,부산광역시 해운대구
중동역,부산광역시,해운대구,26350,부산광역시 해운대구 해운대로 730,부산광역시 해운대구 중동 1783-1,35.1666496,129.168616,지하철 중동역 만남의 광장,5:00,23:10,5:00,23:10,5:00,23:10,1,N,Y,중동역,051-678-6202,2025.12.16,3330000,부산광역시 해운대구
반여농산물시장역,부산광역시,해운대구,26350,부산광역시 해운대구 반송로 550,부산광역시 해운대구 석대동 507-1,35.2177568,129.124019,지하철 1번 출구 오른쪽 기둥 옆,5:00,0:00,5:00,0:00,5:00,0:00,1,N,Y,반여농산물시장역,051-678-6409,2025.12.16,3330000,부산광역시 해운대구
이기대 해안산책로,부산광역시,남구,33101,,부산광역시 남구 용호동 산12번지,35.127007,129.120208,해안산책로 끝,0:00,23:59,0:00,23:59,0:00,23:59,2,N,Y,부산광역시 남구청,051-607-4338,2025.12.16,3310000,부산광역시 남구
감만종합사회복지관,부산광역시,남구,33101,부산광역시 남구 우암로 84-1,,35.1184703,129.081347,건물밖 화단 인근(캐노피),0:00,23:59,0:00,23:59,0:00,23:59,2,N,Y,부산광역시 남구청,051-607-4338,2025.12.16,3310000,부산광역시 남구
남구장애인복지관,부산광역시,남구,33101,부산광역시 남구 조각공원로11번길 38,,35.1292343,129.099221,1층 주간보호센터 쪽 복도,9:00,18:00,0:00,0:00,0:00,0:00,2,N,Y,부산광역시 남구청,051-607-4338,2025.12.16,3310000,부산광역시 남구
대연수목전시원,부산광역시,남구,33101,부산광역시 남구 신선로447번길 24,,35.1254455,129.098544,아열대식물체험관 입구 오른편,0:00,23:59,0:00,23:59,0:00,23:59,2,N,Y,부산광역시 남구청,051-607-4338,2025.12.16,3310000,부산광역시 남구
부산환경공단 남부사업소,부산광역시,남구,33101,부산광역시 남구 이기대공원로11,,35.125801,129.116416,환경공원 입구(경비실 인근),0:00,23:59,0:00,23:59,0:00,23:59,2,N,Y,부산광역시 남구청,051-607-4338,2025.12.16,3310000,부산광역시 남구
부산분포문화체육센터,부산광역시,남구,33101,부산광역시 남구 분포로 97,,35.1320534,129.115223,1층 북카페 출입구,6:00,22:00,9:00,18:00,9:00,18:00,2,N,Y,부산광역시 남구청,051-607-4338,2025.12.16,3310000,부산광역시 남구
부산문화회관,부산광역시,남구,33101,부산광역시 남구 유엔평화로76번길 1,,35.127186,129.093477,1층 대극장 밖 좌측(캐노피),0:00,23:59,0:00,23:59,0:00,23:59,2,N,Y,부산광역시 남구청,051-607-4338,2025.12.16,3310000,부산광역시 남구
국제금융센터·부산은행역,부산광역시,남구,33101,부산광역시 남구 전포대로 97 지하,,35.145732,129.06674,전기실 맞은편,6:00,23:59,6:00,23:59,6:00,23:59,2,N,Y,부산광역시 남구청,051-607-4338,2025.12.16,3310000,부산광역시 남구
지게골역,부산광역시,남구,33101,부산광역시 남구 수영로 70 지하,,35.1356241,129.074234,지게골역 교통카드자동보충기(ACM-86) 옆,6:00,23:59,6:00,23:59,6:00,23:59,2,N,Y,부산광역시 남구청,051-607-4338,2025.12.16,3310000,부산광역시 남구
남구청,부산광역시,남구,33101,부산광역시 남구 못골로 19,,35.1365006,129.084435,1층 부산은행 맞은편,0:00,23:59,0:00,23:59,0:00,23:59,2,N,Y,부산광역시 남구청,051-607-4338,2025.12.16,3310000,부산광역시 남구
못골역,부산광역시,남구,33101,부산광역시 남구 수영로 170 지하,,35.1347182,129.084843,4번 출구,6:00,23:59,6:00,23:59,6:00,23:59,2,N,Y,부산광역시 보조기기센터,051-790-6190,2025.12.16,3310000,부산광역시 남구
문현역,부산광역시,남구,33101,부산광역시 남구 전포대로 17 지하,,35.139156,129.067279,1번 출구,6:00,23:59,6:00,23:59,6:00,23:59,2,N,Y,부산광역시 보조기기센터,051-790-6190,2025.12.16,3310000,부산광역시 남구
대연역,부산광역시,남구,33101,부산광역시 남구 수영로 242 지하,,35.1351199,129.092299,1번 출구,6:00,23:59,6:00,23:59,6:00,23:59,2,N,Y,부산광역시 보조기기센터,051-790-6190,2025.12.16,3310000,부산광역시 남구
혜남학교,부산광역시,남구,33101,부산광역시 남구 진남로166번길 10-19,,35.1415019,129.082256,1층 복도 좌측 도서관,8:30,16:30,0:00,0:00,0:00,0:00,2,N,Y,부산광역시 보조기기센터,051-790-6190,2025.12.16,3310000,부산광역시 남구