철도운영기관,노선명,역명,출구번호,출구별주요시설명
부산교통공사,1호선,자갈치,10,농협 하나로마트 자갈치점
부산교통공사,1호선,남포,1,부산근대역사관
부산교통공사,1호선,남포,1,용두산공원
부산교통공사,1호선,남포,1,부산중구청소년상담복지센터
부산교통공사,1호선,남포,2,남포건어물시장
부산교통공사,1호선,남포,2,자갈치시장
부산교통공사,1호선,남포,3,광복동
부산교통공사,1호선,남포,3,용두산문화의거리
부산교통공사,1호선,중앙,15,스타벅스 부산중앙역점
부산교통공사,1호선,중앙,17,부산광역시중구청
부산교통공사,1호선,중앙,17,중부경찰서
부산교통공사,1호선,부산,1,초량상해거리
부산교통공사,1호선,부산,1,봉레초등학교
부산교통공사,1호선,자갈치,6,부산신용보증재단 중부산지점
부산교통공사,1호선,자갈치,6,오션투헤븐 호텔&스파
부산교통공사,1호선,자갈치,6,자갈치시장
부산교통공사,1호선,부산,1,부산터널
부산교통공사,1호선,부산,1,초량1동 행정복지센터
부산교통공사,1호선,부산,2,부산지방보훈청
부산교통공사,1호선,부산,2,한국생산성본부(부산경남지부)
부산교통공사,1호선,부산,3,부산화교중/고등학교
부산교통공사,1호선,부산,4,교직원공제회관
부산교통공사,1호선,부산,5,부산화교중/고등학교
부산교통공사,1호선,부산,5,초량외국인상가
부산교통공사,1호선,부산,5,초량초등학교
부산교통공사,1호선,부산,6,부산역
부산교통공사,1호선,부산,6,역전치안센터
부산교통공사,1호선,부산,6,중앙동
부산교통공사,1호선,부산,7,부산지방국토관리청
부산교통공사,1호선,부산,7,초량우체국
부산교통공사,1호선,초량,1,부산지방국토관리청
부산교통공사,1호선,초량,1,부산은행 초량동지점
부산교통공사,1호선,초량,2,부산초량3동우체국
부산교통공사,1호선,초량,2,기차역방면
부산교통공사,1호선,초량,2,주택도시보증공사 부산울산지사
부산교통공사,1호선,초량,3,부산고교
부산교통공사,1호선,초량,4,제4부두방면
부산교통공사,1호선,초량,5,정발장군동상
부산교통공사,1호선,초량,5,부산고등학교
부산교통공사,1호선,초량,5,한국해양대학교 다운타운캠퍼스
부산교통공사,1호선,초량,6,부산과학체험관 
부산교통공사,1호선,초량,6,부산광역시재향군인회
부산교통공사,1호선,초량,6,초량119안전센터
부산교통공사,1호선,초량,7,초량3동 행정복지센터
부산교통공사,1호선,초량,7,일본국총영사관
부산교통공사,1호선,초량,8,초량3동
부산교통공사,1호선,초량,9,부산시립 중앙도서관 수정분관
부산교통공사,1호선,초량,9,수정1동우체국
부산교통공사,1호선,초량,9,경남여자중학교
부산교통공사,1호선,초량,9,우리은행 초량지점
부산교통공사,1호선,초량,10,근로복지공단 부산지역본부
부산교통공사,1호선,초량,10,아모레퍼시픽부산지역본부
부산교통공사,1호선,초량,12,한국부동산원 부산경남지역본부
부산교통공사,1호선,초량,12,부산광역시간호사회빌딩
부산교통공사,1호선,부산진,1,새마을금고중앙회
부산교통공사,1호선,부산진,1,고관입구
부산교통공사,1호선,부산진,1,동구보건소
부산교통공사,1호선,부산진,1,동구청
부산교통공사,1호선,부산진,1,부산국제영화고등학교
부산교통공사,1호선,부산진,1,수정동우체국
부산교통공사,1호선,부산진,1,부산YMCA
부산교통공사,1호선,부산진,5,수정2동새마을금고 본점
부산교통공사,1호선,부산진,2,연합뉴스 부산취재본부
부산교통공사,1호선,부산진,2,동구선거관리위원회
부산교통공사,1호선,부산진,2,연합뉴스
부산교통공사,1호선,부산진,2,부산화물자동차운송사업협회
부산교통공사,1호선,부산진,3,협성휴포레부산진역아파트
부산교통공사,1호선,부산진,4,부산광역시동구진로교육지원센터 드림나래
부산교통공사,1호선,부산진,5,동구청
부산교통공사,1호선,자갈치,8,정우통상(K2남포점)
부산교통공사,1호선,자갈치,10,신동아수산물종합시장
부산교통공사,1호선,자갈치,10,자갈치시장
부산교통공사,1호선,서면,3,농협은행(서면중앙지점)
부산교통공사,1호선,범일,3,범일119 안전센터
부산교통공사,1호선,범일,4,범일공구철물상가
부산교통공사,1호선,범일,4,하나은행 범일동지점
부산교통공사,1호선,범일,5,현대백화점 부산점 피트니트센터
부산교통공사,1호선,범일,5,좋은문화병원
부산교통공사,1호선,범일,6,범일공구철물상가
부산교통공사,1호선,범일,6,자유도매시장
부산교통공사,1호선,남포,4,남포동건어물시장
부산교통공사,1호선,남포,5,광복동입구
부산교통공사,1호선,남포,5,NH농협은행 부산지점
부산교통공사,1호선,남포,6,남포역지하상가
부산교통공사,1호선,남포,5,부산은행 중부지점
부산교통공사,1호선,남포,6,태종대/영도방면
부산교통공사,1호선,남포,7,한국투자증권
부산교통공사,1호선,남포,10,롯데백화점 광복점
부산교통공사,1호선,중앙,1,광복동입구
부산교통공사,1호선,중앙,1,용두산공원
부산교통공사,1호선,중앙,1,중앙동 행정복지센터
부산교통공사,1호선,중앙,1,한국해운조합 부산지부
부산교통공사,1호선,중앙,1,한국전기안전공사 부산울산지역본부
부산교통공사,1호선,중앙,2,부산항만공사 본사
부산교통공사,1호선,중앙,2,부산항연안여객터미널
부산교통공사,1호선,중앙,3,신창요양병원
부산교통공사,1호선,중앙,3,백산기념관
부산교통공사,1호선,중앙,4,부산 출입국외국인청
부산교통공사,1호선,중앙,5,부산근현대역사관 본관
부산교통공사,1호선,중앙,5,KDB산업은행 부산지점
부산교통공사,1호선,중앙,9,국민건강보험공단 부산중부지사
부산교통공사,1호선,중앙,9,부산우체국
부산교통공사,1호선,중앙,9,부산광역시 아토피/천식교육정보센터
부산교통공사,1호선,중앙,6,동원산업빌딩
부산교통공사,1호선,중앙,6,동원산업
부산교통공사,1호선,중앙,7,소상공인시장진흥공단 부산중부센터
부산교통공사,1호선,중앙,7,대청동
부산교통공사,1호선,중앙,7,SC제일은행 부산지점
부산교통공사,1호선,중앙,8,중부산세무서
부산교통공사,1호선,중앙,8,부산세관 수출입기업지원센터
부산교통공사,1호선,중앙,10,농림축산검역본부 영남지역본부별관
부산교통공사,1호선,중앙,10,부산북항마리나
부산교통공사,1호선,중앙,10,국립부산검역소
부산교통공사,1호선,중앙,10,HJ중공업 부산R&D센터
부산교통공사,1호선,중앙,11,부산동방관세사무소
부산교통공사,1호선,중앙,11,고심정사 불교대학
부산교통공사,1호선,중앙,11,대청동
부산교통공사,1호선,중앙,11,부산지방공정거래사무소
부산교통공사,1호선,중앙,11,국제식물검역인증원
부산교통공사,1호선,중앙,12,부산무역회관
부산교통공사,1호선,중앙,12,IBK기업은행 부산
부산교통공사,1호선,중앙,12,국민연금공단 중부산지사
부산교통공사,1호선,중앙,17,메리놀병원
부산교통공사,1호선,중앙,17,IBK저축은행 부산중앙지점
부산교통공사,1호선,중앙,13,40계단문화관
부산교통공사,1호선,중앙,13,캄보디아왕국영사관
부산교통공사,1호선,중앙,13,남성여자고등학교
부산교통공사,1호선,중앙,13,한국관광통역안내사협회 부산영남지부
부산교통공사,1호선,중앙,14,중구선거관리위원회
부산교통공사,1호선,중앙,14,중부소방서
부산교통공사,1호선,중앙,14,중앙치안센터
부산교통공사,1호선,중앙,14,하나은행 부산지점
부산교통공사,1호선,중앙,14,stx마린서비스㈜
부산교통공사,1호선,중앙,15,40계단문화관
부산교통공사,1호선,중앙,15,남성여자고등학교
부산교통공사,1호선,중앙,15,동아일보
부산교통공사,1호선,서면,7,김주은내과 (구/맑은숨결내과)
부산교통공사,1호선,서면,8,장창덕 치과의원
부산교통공사,1호선,서면,8,부산서면우체국
부산교통공사,1호선,서면,8,전포초등학교
부산교통공사,1호선,서면,9,부산진경찰서
부산교통공사,1호선,서면,9,부전1동우체국
부산교통공사,1호선,서면,9,영광도서
부산교통공사,1호선,서면,10,아이티윌교육센터
부산교통공사,1호선,자갈치,6,수협은행 부산지역본부
부산교통공사,1호선,자갈치,10,남항유람선선착장 
부산교통공사,1호선,자갈치,7,헌혈의집(남포센터)
부산교통공사,1호선,자갈치,7,부산창선동우체국
부산교통공사,1호선,자갈치,7,국제시장
부산교통공사,1호선,자갈치,7,대청동
부산교통공사,1호선,자갈치,7,미술의 거리
부산교통공사,1호선,자갈치,7,광복동주민센터
부산교통공사,1호선,자갈치,7,PIFF 광장
부산교통공사,1호선,자갈치,7,헌혈의집
부산교통공사,1호선,자갈치,8,자갈치시장
부산교통공사,1호선,자갈치,8,신천지주차장 전기차충전소
부산교통공사,1호선,부산진,5,부산일보사
부산교통공사,1호선,부산진,5,수정동시장
부산교통공사,1호선,부산진,6,청십자요양병원
부산교통공사,1호선,부산진,7,수정119안전센터
부산교통공사,1호선,부산진,7,경남여자고등학교
부산교통공사,1호선,부산진,7,동부경찰서
부산교통공사,1호선,부산진,7,부산진세무서
부산교통공사,1호선,부산진,7,김원묵기념 봉생병원
부산교통공사,1호선,부산진,7,수정전통시장
부산교통공사,1호선,부산진,8,부산진역철도물류센터
부산교통공사,1호선,좌천,1,부산성산교회
부산교통공사,1호선,좌천,3,안용복기념 부산포개항문화관
부산교통공사,1호선,좌천,2,부산지방 해양수산청
부산교통공사,1호선,좌천,2,남해지방해양경찰청
부산교통공사,1호선,좌천,3,정공단
부산교통공사,1호선,좌천,3,금성고등학교
부산교통공사,1호선,좌천,3,부산진교회
부산교통공사,1호선,좌천,3,고려저축은행
부산교통공사,1호선,좌천,4,부산지방 해양항만청
부산교통공사,1호선,좌천,5,일신기독병원
부산교통공사,1호선,좌천,5,금성고등학교
부산교통공사,1호선,좌천,6,좌천동가구거리
부산교통공사,1호선,좌천,6,성남초등학교
부산교통공사,1호선,좌천,7,기업은행 부산진지점
부산교통공사,1호선,좌천,7,일신기독병원
부산교통공사,1호선,좌천,7,좌천동우체국
부산교통공사,1호선,좌천,7,데레사여자고등학교
부산교통공사,1호선,좌천,8,성남초등학교
부산교통공사,1호선,좌천,8,범일고가교
부산교통공사,1호선,좌천,8,좌천동가구거리
부산교통공사,1호선,좌천,8,부산진시장
부산교통공사,1호선,좌천,8,남문시장
부산교통공사,1호선,범일,1,남문시장
부산교통공사,1호선,범일,1,부산진시장
부산교통공사,1호선,범일,1,부산동구새마을금고
부산교통공사,1호선,범일,2,공무원연금관리공단
부산교통공사,1호선,범일,2,동부산우체국
부산교통공사,1호선,범일,2,국민은행범일동
부산교통공사,1호선,범일,2,부산불교방송
부산교통공사,1호선,범일,2,부산시민회관
부산교통공사,1호선,범일,2,부산은행범일동지점
부산교통공사,1호선,범일,2,부산동부신협
부산교통공사,1호선,범일,2,고려홍삼삼계탕
부산교통공사,1호선,범일,7,현대백화점 부산점
부산교통공사,1호선,양정,9,부산광역시 상수도사업본부
부산교통공사,1호선,양정,9,부산광역시교육청학력개발원
부산교통공사,1호선,양정,9,부산광역시자원봉사센터
부산교통공사,1호선,시청(연제),1,양정교차로방면
부산교통공사,1호선,시청(연제),1,부산경찰청
부산교통공사,1호선,시청(연제),1,부산 고용복지플러스센터
부산교통공사,1호선,시청(연제),1,(재)부산복지개발원
부산교통공사,1호선,시청(연제),2,신용회복위원회 부산지부
부산교통공사,1호선,범일,8,부산지방식품의약품안전청 북항수입식품검사소
부산교통공사,1호선,범일,8,자유시장
부산교통공사,1호선,범일,8,평화시장
부산교통공사,1호선,범일,8,W웨딩시티
부산교통공사,1호선,범일,9,성가병원
부산교통공사,1호선,범일,9,현대백화점 부산점
부산교통공사,1호선,범일,10,범천1파출소
부산교통공사,1호선,범일,10,중앙시장
부산교통공사,1호선,범일,10,평화시장
부산교통공사,1호선,범일,12,귀금속도매상가
부산교통공사,1호선,범일,12,범천1파출소
부산교통공사,1호선,범일,12,중앙시장
부산교통공사,1호선,범내골,1,한국건설안전기술사회교육원
부산교통공사,1호선,범내골,1,한국장애인고용공단
부산교통공사,1호선,범내골,1,사립학교교직원연금공단
부산교통공사,1호선,범내골,2,범천1파출소
부산교통공사,1호선,범내골,2,부산진구보건소
부산교통공사,1호선,범내골,2,중앙시장
부산교통공사,1호선,범내골,2,성서초등학교
부산교통공사,1호선,범내골,2,부산신용보증재단 부산진지점
부산교통공사,1호선,범내골,3,범천2동주민센터
부산교통공사,1호선,범내골,3,춘해병원
부산교통공사,1호선,범내골,4,동성고등학교
부산교통공사,1호선,범내골,4,기술보증기금 본점
부산교통공사,1호선,범내골,4,국제저축은행
부산교통공사,1호선,범내골,4,한국은행부산본부
부산교통공사,1호선,범내골,5,서면지구대
부산교통공사,1호선,범내골,5,범천2동주민센터
부산교통공사,1호선,범내골,5,범천4동
부산교통공사,1호선,범내골,6,부산은행 범내골지점
부산교통공사,1호선,범내골,6,동성중/고등학교
부산교통공사,1호선,범내골,6,전포동
부산교통공사,1호선,범내골,6,CGV서면
부산교통공사,1호선,범내골,7,부산진초등학교
부산교통공사,1호선,범내골,7,부산철도차량정비장
부산교통공사,1호선,범내골,7,서면
부산교통공사,1호선,범내골,7,중소벤처기업진흥공단 부산지역본부
부산교통공사,1호선,범내골,8,부산교통공사본사
부산교통공사,1호선,범내골,8,브라운도트호텔 서면범천점 
부산교통공사,1호선,범내골,8,
부산교통공사,1호선,서면,1,서면1번가
부산교통공사,1호선,서면,1,서면시장
부산교통공사,1호선,서면,2,시립부전도서관
부산교통공사,1호선,서면,2,우리은행(서면지점)
부산교통공사,1호선,서면,2,헌혈의집
부산교통공사,1호선,서면,2,CGV 서면삼정타워
부산교통공사,1호선,서면,3,부암
부산교통공사,1호선,서면,4,궁리마루
부산교통공사,1호선,서면,4,전포동
부산교통공사,1호선,서면,5,서면시장
부산교통공사,1호선,서면,5,강남밝은성모안과
부산교통공사,1호선,서면,6,시립부전도서관
부산교통공사,1호선,서면,6,궁리마루
부산교통공사,1호선,서면,7,부전2동우체국
부산교통공사,1호선,서면,7,서면1번가
부산교통공사,1호선,서면,7,서면시장
부산교통공사,1호선,연산,2,흥국저축은행본점
부산교통공사,1호선,연산,2,㈜솔브레인 저축은행
부산교통공사,1호선,연산,2,연산5동우체국
부산교통공사,1호선,연산,3,신한은행 연산동지점
부산교통공사,1호선,연산,4,건강보험심사평가원 부산지원
부산교통공사,1호선,연산,4,연산5동우체국
부산교통공사,1호선,연산,4,서울ms치과
부산교통공사,1호선,연산,4,연산로타리 종합시장
부산교통공사,1호선,서면,10,부산광역시 청소년상담복지센터
부산교통공사,1호선,서면,10,전포동
부산교통공사,1호선,서면,10,철물시장
부산교통공사,1호선,서면,11,부산진구청
부산교통공사,1호선,서면,11,한국투자증권 서면지점
부산교통공사,1호선,서면,12,신한은행부전동지점
부산교통공사,1호선,서면,13,굿모닝 성모안과
부산교통공사,1호선,서면,13,국민은행서면중앙지점
부산교통공사,1호선,서면,13,신한은행부산서면지점
부산교통공사,1호선,서면,15,하나은행서면지점
부산교통공사,1호선,서면,15,부전시장
부산교통공사,1호선,부전(부산시민공원.송상현광장),1,(기차역)부전역
부산교통공사,1호선,부전(부산시민공원.송상현광장),1,서면종합시장
부산교통공사,1호선,부전(부산시민공원.송상현광장),1,부전시장
부산교통공사,1호선,부전(부산시민공원.송상현광장),1,앰배서더호텔 이비스 부산시티센터
부산교통공사,1호선,부전(부산시민공원.송상현광장),2,서면중앙시장
부산교통공사,1호선,부전(부산시민공원.송상현광장),2,대한적십자사 부산광역시지사
부산교통공사,1호선,부전(부산시민공원.송상현광장),2,전포초등학교
부산교통공사,1호선,부전(부산시민공원.송상현광장),2,적십자회관
부산교통공사,1호선,부전(부산시민공원.송상현광장),2,근로복지공단 부산중부지사
부산교통공사,1호선,부전(부산시민공원.송상현광장),3,하나로마트 부전점
부산교통공사,1호선,부전(부산시민공원.송상현광장),4,향도중학교
부산교통공사,1호선,부전(부산시민공원.송상현광장),4,국민건강보험공단 부산진구지사
부산교통공사,1호선,부전(부산시민공원.송상현광장),5,부전1동 주민센터
부산교통공사,1호선,부전(부산시민공원.송상현광장),5,부산전자 종합상가
부산교통공사,1호선,부전(부산시민공원.송상현광장),6,국민건강보험공단 부산진구지사
부산교통공사,1호선,부전(부산시민공원.송상현광장),6,서면롯데캐슬스카이아파트
부산교통공사,1호선,부전(부산시민공원.송상현광장),6,전포동방면
부산교통공사,1호선,부전(부산시민공원.송상현광장),7,부산전자종합상가
부산교통공사,1호선,부전(부산시민공원.송상현광장),8,전포2동새마을금고
부산교통공사,1호선,부전(부산시민공원.송상현광장),7,부산시민공원
부산교통공사,1호선,부전(부산시민공원.송상현광장),7,세흥병원
부산교통공사,1호선,부전(부산시민공원.송상현광장),8,항도중학교
부산교통공사,1호선,부전(부산시민공원.송상현광장),8,성전초등학교
부산교통공사,1호선,양정,1,양정우체국
부산교통공사,1호선,양정,2,동의과학대학
부산교통공사,1호선,양정,2,동의고등학교
부산교통공사,1호선,양정,2,부산여자대학
부산교통공사,1호선,양정,2,부산진여자상업고등학교
부산교통공사,1호선,양정,2,부산아동발달지원센터
부산교통공사,1호선,양정,2,동의대학교
부산교통공사,1호선,양정,2,동의병원
부산교통공사,1호선,양정,3,양정시장
부산교통공사,1호선,양정,3,대원플러스빌아파트
부산교통공사,1호선,양정,3,초읍동방면
부산교통공사,1호선,양정,4,망미동방면
부산교통공사,1호선,양정,4,동의병원
부산교통공사,1호선,양정,4,양정고등학교
부산교통공사,1호선,양정,4,부산진여자상업고등학교
부산교통공사,1호선,양정,5,수요양병원
부산교통공사,1호선,양정,5,어린이대공원방면
부산교통공사,1호선,양정,5,부산광역시 교육청
부산교통공사,1호선,양정,6,인제한의원
부산교통공사,1호선,양정,8,양정LED마트
부산교통공사,1호선,양정,8,시청방면
부산교통공사,1호선,양정,9,부산광역시 교육연구정보원
부산교통공사,1호선,교대,2,연산교차로방면
부산교통공사,1호선,교대,3,부산교육대학교
부산교통공사,1호선,교대,3,국제신문
부산교통공사,1호선,교대,4,부산동래경찰서
부산교통공사,1호선,교대,4,연제구보훈회관
부산교통공사,1호선,교대,5,거학초등학교
부산교통공사,1호선,연산,5,거제동
부산교통공사,1호선,연산,5,법원/검찰청
부산교통공사,1호선,연산,5,부산종합운동장 방면
부산교통공사,1호선,연산,5,연제자동차매매단지
부산교통공사,1호선,연산,6,연산중학교
부산교통공사,1호선,연산,6,반도보라아파트
부산교통공사,1호선,연산,6,연동초등학교
부산교통공사,1호선,연산,6,연일시장
부산교통공사,1호선,연산,6,연산 당당한방병원
부산교통공사,1호선,연산,7,거제동
부산교통공사,1호선,연산,7,노보텔엠베서더(부산연산)
부산교통공사,1호선,남산(부산외국대학교),1,금정형주요양병원
부산교통공사,1호선,남산(부산외국대학교),2,관자재요양병원
부산교통공사,1호선,범어사,5,하이캐슬아파트
부산교통공사,1호선,범어사,7,금샘요양병원
부산교통공사,1호선,연산,8,연산중학교
부산교통공사,1호선,연산,8,연일전통시장
부산교통공사,1호선,연산,8,연동초등학교
부산교통공사,1호선,연산,8,부산경상대학교
부산교통공사,1호선,연산,8,연제일신병원
부산교통공사,1호선,범어사,7,범어사 선문화센터
부산교통공사,1호선,범어사,8,시공문화재연구원
부산교통공사,1호선,범어사,8,범양맨션 
부산교통공사,1호선,노포(종합버스터미널),1,노포오시게시장
부산교통공사,1호선,노포(종합버스터미널),1,유니아울렛매장
부산교통공사,1호선,노포(종합버스터미널),2,노포역 환승주차장
부산교통공사,1호선,노포(종합버스터미널),3,부산종합버스터미널
부산교통공사,1호선,노포(종합버스터미널),3,부산교통공사 노포차량사업소
부산교통공사,1호선,연산,10,연산4동 행정복지센터
부산교통공사,1호선,연산,10,워크재활의학과병원
부산교통공사,1호선,시청(연제),2,연제구청
부산교통공사,1호선,시청(연제),2,부산고용노동청
부산교통공사,1호선,시청(연제),2,국민연금공단 부산지역본부
부산교통공사,1호선,시청(연제),2,국가인권위원회 부산지역사무소
부산교통공사,1호선,시청(연제),2,부산광역시선거관리 위원회
부산교통공사,1호선,시청(연제),2,부산지방국세청
부산교통공사,1호선,시청(연제),3,부산광역시청 
부산교통공사,1호선,시청(연제),3,부산광역시의회
부산교통공사,1호선,시청(연제),4,연산교차로방면
부산교통공사,1호선,시청(연제),5,부산광역시청
부산교통공사,1호선,시청(연제),5,부산광역시의회
부산교통공사,1호선,시청(연제),4,연제구 사회적경제 공유오피스
부산교통공사,1호선,시청(연제),6,양정교차로방면
부산교통공사,1호선,시청(연제),7,거제시장
부산교통공사,1호선,시청(연제),8,연제SK뷰센트럴아파트
부산교통공사,1호선,시청(연제),7,연산5동 행정복지센터
부산교통공사,1호선,시청(연제),7,연제초등학교
부산교통공사,1호선,시청(연제),8,연산교차로방면
부산교통공사,1호선,시청(연제),8,부산경제신문
부산교통공사,1호선,시청(연제),8,연산2동 행정복지센터
부산교통공사,1호선,연산,1,시청방면
부산교통공사,1호선,연산,1,양정교차로
부산교통공사,1호선,연산,1,연산5동 행정복지센터
부산교통공사,1호선,연산,1,연제초등학교
부산교통공사,1호선,연산,1,국민은행 연산동지점
부산교통공사,1호선,연산,1,부산은행 연산동지점
부산교통공사,1호선,연산,2,부산경제진흥원
부산교통공사,1호선,연산,2,리스본병원
부산교통공사,1호선,동래,2,대동병원
부산교통공사,1호선,동래,3,내산초등학교
부산교통공사,1호선,동래,3,동래시외버스정류소
부산교통공사,1호선,동래,4,동래우체국
부산교통공사,1호선,동래,4,동래중학교
부산교통공사,1호선,동래,4,명륜초등학교
부산교통공사,1호선,신평,1,신평장림산업단지 개방형체육관
부산교통공사,1호선,신평,1,신평시외버스정류장
부산교통공사,1호선,신평,3,사하 두바퀴장애인자립생활센터
부산교통공사,1호선,신평,4,사하구보건소
부산교통공사,1호선,신평,4,신평파출소
부산교통공사,1호선,신평,4,신평2동 행정복지센터
부산교통공사,1호선,신평,4,신평 현대 아파트
부산교통공사,1호선,신평,4,사하구청 제2청사
부산교통공사,1호선,신평,5,신평.장림공단
부산교통공사,1호선,신평,6,신남초등학교
부산교통공사,1호선,신평,6,사하구선거관리위원회
부산교통공사,1호선,신평,7,하남초등/중학교
부산교통공사,1호선,신평,9,신평2동우체국
부산교통공사,1호선,신평,7,사하구노인복지회관
부산교통공사,1호선,하단(부산본병원),1,에덴공원
부산교통공사,1호선,하단(부산본병원),1,곽요양병원
부산교통공사,1호선,하단(부산본병원),1,큐병원
부산교통공사,1호선,하단(부산본병원),2,하단1 행정복지센터
부산교통공사,1호선,하단(부산본병원),2,하단지구대
부산교통공사,1호선,하단(부산본병원),2,하단초등학교
부산교통공사,1호선,하단(부산본병원),2,항플러스병원  
부산교통공사,1호선,하단(부산본병원),2,미래아이병원 
부산교통공사,1호선,하단(부산본병원),3,하단119안전센터
부산교통공사,1호선,하단(부산본병원),4,하단지구대
부산교통공사,1호선,하단(부산본병원),4,프라임병원
부산교통공사,1호선,하단(부산본병원),4,굿윌치과병원
부산교통공사,1호선,하단(부산본병원),5,CGV(하단)
부산교통공사,1호선,하단(부산본병원),5,KT(하단점)
부산교통공사,1호선,하단(부산본병원),5,하단교차로
부산교통공사,1호선,하단(부산본병원),6,기술보증기금 사하지점
부산교통공사,1호선,하단(부산본병원),6,부산스테이오피스텔
부산교통공사,1호선,하단(부산본병원),6,iM증권 하단지점
부산교통공사,1호선,하단(부산본병원),7,하단동우체국
부산교통공사,1호선,하단(부산본병원),7,국민연금공단 서부산지사
부산교통공사,1호선,하단(부산본병원),7,부산자생한방병원
부산교통공사,1호선,연산,12,하나은행 연산동지점
부산교통공사,1호선,연산,12,안락교차로
부산교통공사,1호선,연산,12,연산4동 행정복지센터
부산교통공사,1호선,연산,12,아이사랑병원
부산교통공사,1호선,연산,12,연일지구대
부산교통공사,1호선,연산,12,한국장학재단 부산센터
부산교통공사,1호선,연산,14,SK브로드밴드 남부산지점
부산교통공사,1호선,연산,14,연서초등학교
부산교통공사,1호선,연산,14,동래세무서
부산교통공사,1호선,연산,16,노인종합복지관
부산교통공사,1호선,연산,16,부산장애인종합복지관
부산교통공사,1호선,연산,16,한국경로복지회관
부산교통공사,1호선,연산,16,기업은행 연산역점
부산교통공사,1호선,연산,16,중소기업중앙회 부산울산지역본부
부산교통공사,1호선,연산,17,거제역방면
부산교통공사,1호선,연산,17,아시아드요양병원
부산교통공사,1호선,연산,17,부산광역시의정회
부산교통공사,1호선,연산,17,신한은행 연산동지점
부산교통공사,1호선,교대,1,거제동방면
부산교통공사,1호선,교대,1,종합운동장방면
부산교통공사,1호선,교대,1,부산고등법원/지방법원
부산교통공사,1호선,교대,1,부산고등검찰청/지방검찰청
부산교통공사,1호선,교대,1,이사벨중/고등학교
부산교통공사,1호선,하단(부산본병원),11,부산신용보증재단 서부산지점
부산교통공사,1호선,하단(부산본병원),11,낙동초등학교
부산교통공사,1호선,하단(부산본병원),12,하단5일장
부산교통공사,1호선,하단(부산본병원),12,부산은행 하단동지점
부산교통공사,1호선,당리(사하구청),1,낙동초등학교
부산교통공사,1호선,당리(사하구청),1,하단교차로
부산교통공사,1호선,당리(사하구청),1,OK의원
부산교통공사,1호선,당리(사하구청),2,하단교차로
부산교통공사,1호선,당리(사하구청),3,사하구청
부산교통공사,1호선,당리(사하구청),4,부산은행 당리동지점
부산교통공사,1호선,당리(사하구청),5,당리동 행정복지센터
부산교통공사,1호선,당리(사하구청),5,서부산농협하나로마트
부산교통공사,1호선,당리(사하구청),5,당리치안센터
부산교통공사,1호선,당리(사하구청),5,사하구청
부산교통공사,1호선,당리(사하구청),5,서부산농협
부산교통공사,1호선,당리(사하구청),6,당리초등학교
부산교통공사,1호선,사하,1,당리중학교
부산교통공사,1호선,사하,1,롯데하이마트(사하점)
부산교통공사,1호선,사하,4,사남초등학교
부산교통공사,1호선,사하,2,부산서부새마을금고 본점
부산교통공사,1호선,사하,2,괴정4치안센터
부산교통공사,1호선,사하,2,KT플라자 사하점
부산교통공사,1호선,사하,3,괴정119안전센터
부산교통공사,1호선,사하,3,사하역비스타동원아파트
부산교통공사,1호선,사하,3,사하중학교
부산교통공사,1호선,사하,3,사하초등학교
부산교통공사,1호선,사하,4,괴정4동 행정복지센터
부산교통공사,1호선,사하,6,신평입구
부산교통공사,1호선,사하,6,송부자한의원
부산교통공사,1호선,괴정,1,사하초등학교
부산교통공사,1호선,괴정,1,부산광역시립 사하도서관
부산교통공사,1호선,괴정,1,괴정1동 행정복지센터
부산교통공사,1호선,괴정,1,괴정119안전센터
부산교통공사,1호선,괴정,1,괴정학문외과
부산교통공사,1호선,괴정,2,상수도사업본부 사하사업소
부산교통공사,1호선,괴정,2,이정윤 성형외과의원
부산교통공사,1호선,괴정,3,LG전자베스트샵 괴정점
부산교통공사,1호선,괴정,4,한양학원 부산사하점 
부산교통공사,1호선,괴정,5,동산요양병원
부산교통공사,1호선,괴정,6,감천/다대포방면
부산교통공사,1호선,괴정,6,괴정우체국
부산교통공사,1호선,괴정,6,KT 씨엘 괴정점
부산교통공사,1호선,괴정,6,세브란스치과의원
부산교통공사,1호선,괴정,8,괴정시장
부산교통공사,1호선,괴정,8,뉴코아아울렛 괴정점
부산교통공사,1호선,괴정,8,괴정3동 행정복지센터
부산교통공사,1호선,괴정,10,괴정3동 행정복지센터
부산교통공사,1호선,괴정,10,엔스타아파트
부산교통공사,1호선,괴정,10,배주한피부과의원
부산교통공사,1호선,괴정,10,괴정시장
부산교통공사,1호선,대티(동주대학),1,동주대학
부산교통공사,1호선,대티(동주대학),1,괴정초등학교
부산교통공사,1호선,교대,5,국제신문
부산교통공사,1호선,교대,6,동래시장방면
부산교통공사,1호선,교대,6,수안119안전센터
부산교통공사,1호선,교대,8,동래방면
부산교통공사,1호선,교대,8,동래경찰서
부산교통공사,1호선,동래,1,내성교차로
부산교통공사,1호선,동래,1,내성중학교
부산교통공사,1호선,동래,1,한국건강관리협회
부산교통공사,1호선,동래,2,부산중앙여자고등학교
부산교통공사,1호선,동래,2,동래경찰서
부산교통공사,1호선,동래,2,동래구청
부산교통공사,1호선,동래,2,헌혈의집 동래센터
부산교통공사,1호선,서대신,3,구덕터널
부산교통공사,1호선,서대신,3,부경고등학교
부산교통공사,1호선,서대신,4,서대신1동주민센터
부산교통공사,1호선,서대신,4,동아대학교병원
부산교통공사,1호선,서대신,4,서대신동시장
부산교통공사,1호선,동대신,1,구덕종합운동장
부산교통공사,1호선,동대신,1,동아대학교병원
부산교통공사,1호선,동대신,1,경남고등학교
부산교통공사,1호선,동대신,1,서구선거관리위원회
부산교통공사,1호선,동대신,2,부산서대신동우체국
부산교통공사,1호선,동대신,2,부산은행 대신동지점
부산교통공사,1호선,동대신,2,부경고등학교
부산교통공사,1호선,동대신,3,KB국민은행 동대신동
부산교통공사,1호선,동대신,4,서대신골목시장
부산교통공사,1호선,동대신,5,대신여자중학교
부산교통공사,1호선,동대신,5,부산서여자고등학교
부산교통공사,1호선,동대신,5,부산은행 동대신동지점
부산교통공사,1호선,동대신,6,서대신동시장
부산교통공사,1호선,동대신,6,희망센츄럴타운아파트
부산교통공사,1호선,동대신,7,동대신동시장
부산교통공사,1호선,동대신,7,부산터널
부산교통공사,1호선,동대신,7,화랑초등학교
부산교통공사,1호선,동대신,7,구덕신협
부산교통공사,1호선,동대신,8,국민건강보험공단 부산서부지사
부산교통공사,1호선,동대신,8,부민초등학교
부산교통공사,1호선,동대신,8,서구보건소
부산교통공사,1호선,동대신,8,킴스피부과 대신점
부산교통공사,1호선,동대신,8,구덕신협 서대신지점
부산교통공사,1호선,토성,1,대청동
부산교통공사,1호선,토성,1,보수동
부산교통공사,1호선,토성,1,선하요양병원
부산교통공사,1호선,토성,2,부면동
부산교통공사,1호선,토성,2,아미동우체국
부산교통공사,1호선,토성,2,임시수도기념관
부산교통공사,1호선,토성,2,부산금연지원센터
부산교통공사,1호선,토성,2,NH농협은행 부산대병원 출장소
부산교통공사,1호선,토성,3,경남중학교
부산교통공사,1호선,토성,3,소문노인대학
부산교통공사,1호선,토성,3,부산기독교종합사회복지관
부산교통공사,1호선,토성,4,부산대학교병원
부산교통공사,1호선,토성,4,아미동방면
부산교통공사,1호선,토성,5,경남중학교
부산교통공사,1호선,토성,6,초장동방면
부산교통공사,1호선,토성,6,부산권역응급의료센터
부산교통공사,1호선,토성,6,감천문화마을
부산교통공사,1호선,토성,6,부산지역암센터
부산교통공사,1호선,토성,6,부산광역시 아동보호종합센터
부산교통공사,1호선,토성,6,아미파출소
부산교통공사,1호선,토성,7,한국전력 중부산지사
부산교통공사,1호선,토성,7,서구중앙새마을금고 본점
부산교통공사,1호선,토성,7,토성초등학교
부산교통공사,1호선,토성,8,부산광역시 아동보호종합센터
부산교통공사,1호선,하단(부산본병원),7,신용보증기금 사하
부산교통공사,1호선,하단(부산본병원),7,하단교차로
부산교통공사,1호선,하단(부산본병원),7,하단우체국
부산교통공사,1호선,하단(부산본병원),8,하단오거리동물의료센터
부산교통공사,1호선,하단(부산본병원),8,하단교차로
부산교통공사,1호선,하단(부산본병원),8,대신증권 사하지점
부산교통공사,1호선,하단(부산본병원),9,건국중/고등학교
부산교통공사,1호선,하단(부산본병원),9,동아대학교
부산교통공사,1호선,하단(부산본병원),9,부산여자고등학교
부산교통공사,1호선,하단(부산본병원),9,동아대학교 승학캠퍼스
부산교통공사,1호선,하단(부산본병원),10,신평방면
부산교통공사,1호선,하단(부산본병원),11,부산본병원
부산교통공사,1호선,명륜,1,동래원예고등학교
부산교통공사,1호선,명륜,1,부산전자공업고등학교
부산교통공사,1호선,명륜,2,동래구보건소
부산교통공사,1호선,명륜,3,한국국토정보공사 부산울산지역본부
부산교통공사,1호선,명륜,2,동래우체국
부산교통공사,1호선,명륜,2,동래중학교
부산교통공사,1호선,명륜,3,금강공원
부산교통공사,1호선,명륜,3,온천장
부산교통공사,1호선,명륜,4,명륜동행정복지센터
부산교통공사,1호선,명륜,5,유락여자중학교
부산교통공사,1호선,명륜,5,롯데백화점 동래점
부산교통공사,1호선,명륜,5,동래원예고등학교
부산교통공사,1호선,명륜,5,부산전자공업고등학교
부산교통공사,1호선,온천장,1,금강공원
부산교통공사,1호선,온천장,1,동래온천우체국
부산교통공사,1호선,온천장,1,부산해양자연사박물관
부산교통공사,1호선,온천장,2,동래문화회관
부산교통공사,1호선,온천장,2,성산현대요양병원
부산교통공사,1호선,온천장,2,동해중학교
부산교통공사,1호선,온천장,1,호텔농심 & 허심청
부산교통공사,1호선,온천장,3,홈플러스 동래점
부산교통공사,1호선,온천장,3,금정산성
부산교통공사,1호선,온천장,3,부산해양자연사박물관
부산교통공사,1호선,온천장,3,CGV동래
부산교통공사,1호선,온천장,1,부산은행 온천동지점
부산교통공사,1호선,온천장,1,우리은행 온천동지점
부산교통공사,1호선,토성,8,아미초등학교
부산교통공사,1호선,토성,8,아미동
부산교통공사,1호선,토성,9,충무동
부산교통공사,1호선,토성,9,서부권 주거복지센터
부산교통공사,1호선,토성,9,토성동
부산교통공사,1호선,토성,10,초장동
부산교통공사,1호선,토성,10,충무동
부산교통공사,1호선,자갈치,1,서구청
부산교통공사,1호선,자갈치,1,한국전력공사 남부건설본부
부산교통공사,1호선,자갈치,1,한국전력 중부산지사
부산교통공사,1호선,자갈치,2,부산충무동우체국
부산교통공사,1호선,자갈치,2,부산공동어시장
부산교통공사,1호선,자갈치,2,암남동
부산교통공사,1호선,자갈치,2,충무동새벽시장
부산교통공사,1호선,자갈치,2,충무교차로
부산교통공사,1호선,자갈치,2,부산은행 충무동지점
부산교통공사,1호선,자갈치,3,부평깡통시장
부산교통공사,1호선,자갈치,3,보수동방면
부산교통공사,1호선,자갈치,3,부평동시장
부산교통공사,1호선,자갈치,3,IBK기업은행 부평동
부산교통공사,1호선,자갈치,4,하나은행 충무동지점
부산교통공사,1호선,자갈치,4,부산공동어시장
부산교통공사,1호선,자갈치,4,자갈치 공영주차장
부산교통공사,1호선,자갈치,4,자갈치사거리
부산교통공사,1호선,자갈치,5,부평동
부산교통공사,1호선,자갈치,5,충무동
부산교통공사,1호선,대티(동주대학),2,동주여자중학교
부산교통공사,1호선,대티(동주대학),3,대티고개
부산교통공사,1호선,대티(동주대학),4,휴마트 괴정점
부산교통공사,1호선,대티(동주대학),4,동주여자중학교
부산교통공사,1호선,대티(동주대학),4,승학초등학교
부산교통공사,1호선,대티(동주대학),4,부산천사의학교
부산교통공사,1호선,서대신,1,대티터널
부산교통공사,1호선,서대신,1,삼육부산병원
부산교통공사,1호선,서대신,2,서부경찰서
부산교통공사,1호선,서대신,2,서부산세무서
부산교통공사,1호선,서대신,3,경성전자 고등학교
부산교통공사,1호선,서대신,3,구덕종합운동장
부산교통공사,1호선,온천장,4,부곡요양병원
부산교통공사,1호선,부산대,1,부산대학교
부산교통공사,1호선,부산대,1,금정초등학교
부산교통공사,1호선,부산대,1,장전동우체국
부산교통공사,1호선,부산대,2,부곡동
부산교통공사,1호선,부산대,3,부산대학교
부산교통공사,1호선,부산대,3,NC백화점 부산대점
부산교통공사,1호선,부산대,2,대동대학교
부산교통공사,1호선,부산대,4,금양중학교
부산교통공사,1호선,부산대,4,금정세무서
부산교통공사,1호선,부산대,4,부곡중학교
부산교통공사,1호선,부산대,4,부산대사범대학 부설고등학교
부산교통공사,1호선,장전(부산가톨릭대학교),1,부산대학교 언어교육원 TPC센터
부산교통공사,1호선,장전(부산가톨릭대학교),1,장전1치안센터
부산교통공사,1호선,장전(부산가톨릭대학교),2,부곡동
부산교통공사,1호선,장전(부산가톨릭대학교),2,bhs동래한서요양병원
부산교통공사,1호선,장전(부산가톨릭대학교),3,구서동방면
부산교통공사,1호선,장전(부산가톨릭대학교),3,장전초등학교
부산교통공사,1호선,장전(부산가톨릭대학교),3,대진전자통신고등학교
부산교통공사,1호선,장전(부산가톨릭대학교),4,부산가톨릭대학교 신학교정
부산교통공사,1호선,장전(부산가톨릭대학교),4,부곡동방면
부산교통공사,1호선,장전(부산가톨릭대학교),4,오륜대방면
부산교통공사,1호선,장전(부산가톨릭대학교),4,근로복지공단 부산동부지사
부산교통공사,1호선,장전(부산가톨릭대학교),4,한국산업안전공단
부산교통공사,1호선,구서,1,장전동방면
부산교통공사,1호선,구서,1,구서1동 행정복지센터
부산교통공사,1호선,구서,1,구서오시게시장
부산교통공사,1호선,구서,2,금정구청
부산교통공사,1호선,구서,2,금정경찰서
부산교통공사,1호선,구서,2,금정소방서
부산교통공사,1호선,구서,2,금정문화회관
부산교통공사,1호선,구서,2,금정우체국
부산교통공사,1호선,구서,2,근로복지공단 부산동부지사
부산교통공사,1호선,구서,2,한국산업안전공단
부산교통공사,1호선,구서,3,구서여자중학교
부산교통공사,1호선,구서,3,구서우체국
부산교통공사,1호선,구서,4,금정경찰서
부산교통공사,1호선,구서,4,한국국토정보공사 부산동부지사
부산교통공사,1호선,두실,1,구서초등학교
부산교통공사,1호선,두실,1,국민건강보험공단
부산교통공사,1호선,두실,1,두실초등학교
부산교통공사,1호선,두실,1,KB국민은행 두실역점
부산교통공사,1호선,두실,2,부곡동방면
부산교통공사,1호선,두실,5,부산은행 두실지점
부산교통공사,1호선,두실,6,부곡동방면
부산교통공사,1호선,두실,7,메드윌병원
부산교통공사,1호선,두실,7,두실마을
부산교통공사,1호선,두실,8,남산중학교
부산교통공사,1호선,두실,8,안국선원
부산교통공사,1호선,두실,8,이삭교회
부산교통공사,1호선,남산(부산외국대학교),1,남산초등학교
부산교통공사,1호선,남산(부산외국대학교),1,부산과학고등학교
부산교통공사,1호선,남산(부산외국대학교),1,부산남산신암우편취급국
부산교통공사,1호선,남산(부산외국대학교),2,남산중학교
부산교통공사,1호선,남산(부산외국대학교),3,부산외국어대학교 남산동캠퍼스
부산교통공사,1호선,남산(부산외국대학교),3,새우리남산병원
부산교통공사,1호선,남산(부산외국대학교),4,남산역 공영주차장
부산교통공사,1호선,남산(부산외국대학교),5,남산어린이공원
부산교통공사,1호선,남산(부산외국대학교),5,새우리남산병원
부산교통공사,1호선,남산(부산외국대학교),6,공영주차장
부산교통공사,1호선,신평,7-1,버스정류장(사상방면)
부산교통공사,1호선,중앙,14,부산은행(중앙동지점)
부산교통공사,1호선,중앙,2,부산본부세관
부산교통공사,1호선,동래,7,롯데백화점
부산교통공사,1호선,낫개,6,다송초등학교
부산교통공사,1호선,낫개,6,새마을금고
부산교통공사,1호선,낫개,6,다대2동 우체국
부산교통공사,1호선,신장림,2,경희병원
부산교통공사,1호선,신장림,2,한서병원
부산교통공사,1호선,신장림,3,1급하나종합정비
부산교통공사,1호선,신장림,4,영남중학교
부산교통공사,1호선,장림,2,장림파출소
부산교통공사,1호선,장림,2,KT장림
부산교통공사,1호선,장림,2,신세계산부인과의원
부산교통공사,1호선,장림,2,서부산농협
부산교통공사,1호선,장림,3,장림초등학교
부산교통공사,1호선,장림,4,홈플러스(장림점)
부산교통공사,1호선,장림,5,CJ제일제당 부산공장
부산교통공사,1호선,중앙,4,부산항 연안여객터미널
부산교통공사,1호선,부산,1,초량화교소학교
부산교통공사,1호선,부산,2,중앙동4가우체국
부산교통공사,1호선,부산,2,CJ대한통운빌딩
부산교통공사,1호선,부산,3,초량상해거리
부산교통공사,1호선,부산,4,부산장애인종합회관
부산교통공사,1호선,부산,5,텍사스거리
부산교통공사,1호선,부산,7,국민은행(부산역)
부산교통공사,1호선,부산,7,옛백제병원
부산교통공사,1호선,부전(부산시민공원.송상현광장),1,서면우체국
부산교통공사,1호선,부전(부산시민공원.송상현광장),7,부산은행(부전역지점)
부산교통공사,1호선,연산,14,파리바게뜨(연산점)
부산교통공사,1호선,연산,2,농협은행(연산중앙점)
부산교통공사,1호선,연산,2,시티요양병원(연산본원)
부산교통공사,1호선,연산,2,질병관리청(경남권대응센터)
부산교통공사,1호선,연산,8,프리마요양병원
부산교통공사,1호선,연산,8,부산경상대학교방면
부산교통공사,1호선,교대,2,부산은행(연서지점)
부산교통공사,1호선,남산(부산외국대학교),6,남산역 공영주차장 전기차충전소
부산교통공사,1호선,남산(부산외국대학교),7,남산고등학교
부산교통공사,1호선,남산(부산외국대학교),7,하나은행 남산동지점
부산교통공사,1호선,남산(부산외국대학교),8,범어사역 방면 
부산교통공사,1호선,범어사,1,부산은행 팔송지점     
부산교통공사,1호선,범어사,1,CTS기독교TV 부산방송
부산교통공사,1호선,범어사,1,남산동 행정복지센터
부산교통공사,1호선,범어사,1,청룡초등학교
부산교통공사,1호선,범어사,2,금정중학교
부산교통공사,1호선,범어사,2,영락공원
부산교통공사,1호선,범어사,2,팔송파출소
부산교통공사,1호선,범어사,3,팔송
부산교통공사,1호선,범어사,3,범어사입구
부산교통공사,1호선,범어사,4,금정도서관
부산교통공사,1호선,범어사,4,노포동방면
부산교통공사,1호선,범어사,4,영락공원
부산교통공사,1호선,범어사,5,범어사
부산교통공사,1호선,범어사,5,신암마을
부산교통공사,1호선,범어사,5,청룡노포동 행정복지센터
부산교통공사,1호선,범어사,6,부산삼육초등학교
부산교통공사,1호선,범어사,6,청룡협성엠파이어아파트
부산교통공사,1호선,범어사,7,노포동
부산교통공사,1호선,범어사,7,범어사
부산교통공사,1호선,범어사,7,법무부 부산동부준법지원센터
부산교통공사,1호선,범어사,7,청룡/노포동 행정복지센터
부산교통공사,1호선,범어사,7,현대 자동차운전전문학원
부산교통공사,1호선,범어사,8,노포동
부산교통공사,1호선,범어사,8,노포차량사업소
부산교통공사,1호선,온천장,3,우리들병원
부산교통공사,1호선,온천장,4,내성고등학교
부산교통공사,1호선,온천장,4,부곡동우체국
부산교통공사,1호선,온천장,4,부산정보관광고등학교
부산교통공사,1호선,다대포해수욕장,1,아미산전망대
부산교통공사,1호선,다대포해수욕장,2,다대포 공영주차장
부산교통공사,1호선,낫개,2,다대포현대아파트
부산교통공사,1호선,낫개,3,자연요양병원
부산교통공사,1호선,낫개,3,다대자연병원
부산교통공사,1호선,낫개,4,두송중학교
부산교통공사,1호선,신장림,2,하나병원
부산교통공사,1호선,신장림,2,새부산요양보호사교육원
부산교통공사,1호선,신장림,3,탑마트(장림점)
부산교통공사,1호선,신장림,1,효림초등학교
부산교통공사,1호선,신장림,1,부산사하 청년회의소
부산교통공사,1호선,장림,6,부산사하경찰서
부산교통공사,1호선,장림,1,롯데시네마(부산장림)
부산교통공사,1호선,장림,1,서부산시민장례식장
부산교통공사,1호선,동매,2,신평시장
부산교통공사,1호선,동매,3,사하자동차검사소
부산교통공사,1호선,동매,4,부산사하시니어클럽
부산교통공사,1호선,동매,6,하나은행(신평지점)
부산교통공사,1호선,동매,6,신평1 치안센터
부산교통공사,1호선,동매,6,부산캐나다영사관
부산교통공사,1호선,동매,1,성일여자고등학교
부산교통공사,1호선,동매,1,부산사하우체국
부산교통공사,1호선,동매,1,강동병원
부산교통공사,1호선,신평,1,부산패션칼라산업협동조합
부산교통공사,1호선,신평,7-1,신평.장림공단
부산교통공사,1호선,하단(부산본병원),10,하단오거리동물의료센터
부산교통공사,1호선,하단(부산본병원),10,BNK부산은행(하단동)
부산교통공사,1호선,하단(부산본병원),11,서호하단병원
부산교통공사,1호선,장림,6,롯데하이마트
부산교통공사,1호선,동매,2,기업은행(신평동)
부산교통공사,1호선,동매,2,신평장림산업단지 관리공단
부산교통공사,1호선,동매,2,한솔건강랜드
부산교통공사,1호선,동매,3,신평1동 행정복지센터
부산교통공사,1호선,동매,3,우리은행(신평동)
부산교통공사,1호선,동매,4,사하소방서
부산교통공사,1호선,동매,4,부산은행(신평동)
부산교통공사,1호선,동매,5,신평장림일반산업단지
부산교통공사,1호선,다대포해수욕장,1,부산은행
부산교통공사,1호선,다대포해수욕장,1,중현초등학교
부산교통공사,1호선,다대포해수욕장,1,우체국
부산교통공사,1호선,다대포해수욕장,1,다대도서관
부산교통공사,1호선,다대포해수욕장,1,다대포생태체험학습장
부산교통공사,1호선,다대포해수욕장,1,다대포해수욕장
부산교통공사,1호선,다대포해수욕장,1,몰운대종합사회복지관
부산교통공사,1호선,다대포해수욕장,3,다대119안전센터
부산교통공사,1호선,다대포해수욕장,4,다대포해변공원
부산교통공사,1호선,다대포해수욕장,4,다대포생선회먹거리타운
부산교통공사,1호선,다대포해수욕장,4,꿈의 낙조분수
부산교통공사,1호선,다대포항,1,NH농협은행
부산교통공사,1호선,다대포항,1,다대중학교
부산교통공사,1호선,다대포항,2,다대활어재래시장
부산교통공사,1호선,다대포항,2,수협다대위판장
부산교통공사,1호선,다대포항,2,다대해양파출소
부산교통공사,1호선,다대포항,3,라파요양병원
부산교통공사,1호선,다대포항,3,아미산자생식물원
부산교통공사,1호선,다대포항,3,부산은행
부산교통공사,1호선,다대포항,3,다대1동 행정복지센터
부산교통공사,1호선,다대포항,4,MG새마을금고(다대동)
부산교통공사,1호선,다대포항,4,부산유아교육진흥원
부산교통공사,1호선,낫개,1,다대종합사회복지관
부산교통공사,1호선,낫개,4,서부산농협
부산교통공사,1호선,낫개,4,부산은행
부산교통공사,1호선,낫개,4,다대2동 행정복지센터
부산교통공사,1호선,낫개,4,다대지구대
부산교통공사,1호선,초량,4,CJ대한통운 초량사업소
부산교통공사,1호선,초량,7,범양레우스 센트럴베이아파트
부산교통공사,1호선,초량,8,부산과학체험관
부산교통공사,1호선,초량,8,부산소망종합지원센터
부산교통공사,1호선,부산진,7,좌천동행정복지센터
부산교통공사,1호선,부산진,8,국제커피박물관
부산교통공사,1호선,좌천,4,부산지방 해양수산청
부산교통공사,1호선,좌천,4,부산항제5부두
부산교통공사,1호선,좌천,8,범일2동행정복지센터
부산교통공사,1호선,범내골,3,한국건설안전기술사회교육원
부산교통공사,1호선,서면,1,우리은행(부전동지점)
부산교통공사,1호선,서면,1,서면먹자골목
부산교통공사,1호선,하단(부산본병원),12,삼성전자서비스 사하센터
부산교통공사,1호선,당리(사하구청),2,서부산새마을금고(하단1지점)
부산교통공사,1호선,당리(사하구청),2,부산영락교회
부산교통공사,1호선,당리(사하구청),3,당리시장
부산교통공사,1호선,당리(사하구청),4,대광고등학교
부산교통공사,1호선,당리(사하구청),6,희망주는 지역아동센터
부산교통공사,1호선,사하,6,의왕재활요양병원
부산교통공사,1호선,괴정,2,서부산농협신토불이 승학점
부산교통공사,1호선,괴정,3,사하탁구클럽
부산교통공사,1호선,괴정,8,괴정골목시장
부산교통공사,1호선,대티(동주대학),1,부산보건대학교
부산교통공사,1호선,대티(동주대학),1,자매정신요양원
부산교통공사,1호선,대티(동주대학),2,괴정3동 행정복지센터
부산교통공사,1호선,대티(동주대학),3,국제기구세계녹색기후가구 NCC세계본부
부산교통공사,1호선,대티(동주대학),3,인창노인복지센터
부산교통공사,1호선,서대신,2,서대치안센터
부산교통공사,1호선,서대신,3,부산중앙여자중학교
부산교통공사,1호선,서대신,4,탑마트 서대신점 
부산교통공사,1호선,동대신,1,동신초등학교
부산교통공사,1호선,동대신,1,동아대학교 구덕캠퍼스
부산교통공사,1호선,동대신,3,삼익아파트
부산교통공사,1호선,동대신,7,대신종합시장
부산교통공사,1호선,동대신,7,동대신1동주민센터
부산교통공사,1호선,동대신,8,하나은행 동대신역지점
부산교통공사,1호선,토성,1,부평파출소
부산교통공사,1호선,토성,10,부산연탄은행마르지않는샘 작은도서관
부산교통공사,1호선,토성,6,부산은행 아미동영업소
부산교통공사,1호선,자갈치,1,부산은행 서구청영업소
부산교통공사,1호선,자갈치,2,부산시수협
부산교통공사,1호선,자갈치,5,남포동 포장마차거리
부산교통공사,1호선,남포,1,동주여자고등학교
부산교통공사,1호선,남포,1,남포동먹자골목
부산교통공사,1호선,남포,10,부산본부세관
부산교통공사,1호선,남포,2,부산시수협 자갈치지점
부산교통공사,1호선,남포,2,남항유람선선착장
부산교통공사,1호선,남포,3,용두산공원
부산교통공사,1호선,남포,3,부산시설공단 광복사업소
부산교통공사,1호선,남포,6,영도대교
부산교통공사,1호선,남포,7,남포지구대
부산교통공사,1호선,남포,7,부산은행 중부지점
부산교통공사,1호선,남포,7,우리은행 부산금융센터
부산교통공사,1호선,남포,8,영풍문고
부산교통공사,1호선,남포,8,롯데마트(광복점)
부산교통공사,1호선,남포,8,삼성스토어 롯데광복점
부산교통공사,1호선,부산,1,초량 차이나타운
부산교통공사,1호선,부산,2,대한상공회의소 부산인력개발원
부산교통공사,1호선,부산,3,IBK기업은행 부산역
부산교통공사,1호선,부산,4,부산지방철도특별사법경찰대
부산교통공사,1호선,부산,6,동구 관광안내센터
부산교통공사,1호선,부산,7,초량2동행정복지센터
부산교통공사,1호선,부산,7,초량지구대
부산교통공사,1호선,다대포해수욕장,1,다선중학교
부산교통공사,1호선,서면,10,에보스요양병원
부산교통공사,1호선,서면,12,브라운도트호텔 서면1호점
부산교통공사,1호선,서면,3,롯데백화점 부산본점
부산교통공사,1호선,서면,3,스타벅스서면중앙점
부산교통공사,1호선,서면,4,하나은행(부전동지점)
부산교통공사,1호선,서면,4,서면공구골목
부산교통공사,1호선,양정,1,부산포시드직업전문학교
부산교통공사,1호선,양정,2,부산진여자고등학교
부산교통공사,1호선,양정,2,부산양정고등학교
부산교통공사,1호선,양정,2,성모여자고등학교
부산교통공사,1호선,양정,4,부산진여자고등학교
부산교통공사,1호선,양정,4,세정고등학교
부산교통공사,1호선,양정,6,양정2동주민센터
부산교통공사,1호선,양정,7,백조아파트
부산교통공사,1호선,양정,9,부산연구원
부산교통공사,1호선,양정,9,양정청소년수련관
부산교통공사,1호선,양정,9,양정초등학교
부산교통공사,1호선,시청(연제),1,주부산미국영사관
부산교통공사,1호선,시청(연제),1,부산신용보증재단 본점
부산교통공사,1호선,시청(연제),5,부산일자리종합센터
부산교통공사,1호선,시청(연제),6,삼성전자서비스 연제휴대폰센터
부산교통공사,1호선,연산,1,하나은행 부산연산지점
부산교통공사,1호선,연산,16,쉐보레부산직영서비스센터
부산교통공사,1호선,교대,1,거제1동행정복지센터
부산교통공사,1호선,교대,1,부산법조타운
부산교통공사,1호선,교대,2,현대자동차 부산하이테크센터
부산교통공사,1호선,교대,2,부산 장애인종합복지관
부산교통공사,1호선,교대,3,부산교육대학교 부설초등학교
부산교통공사,1호선,교대,6,동래경찰서
부산교통공사,1호선,교대,8,한양아파트
부산교통공사,1호선,교대,8,부전교회
부산교통공사,1호선,동래,1,온천2동행정복지센터
부산교통공사,1호선,명륜,5,롯데마트
부산교통공사,1호선,온천장,5,홈플러스 동래점
부산교통공사,1호선,온천장,5,하나은행 온천장역지점
부산교통공사,1호선,온천장,5,KB국민은행 온천동지점
부산교통공사,1호선,부산대,1,장전지구대
부산교통공사,1호선,부산대,2,롯데시네마 오투
부산교통공사,1호선,부산대,4,부곡2동행정복지센터
부산교통공사,1호선,장전(부산가톨릭대학교),1,부산대학교 언어교육원
부산교통공사,1호선,장전(부산가톨릭대학교),2,부산부곡3동 우편취급국
부산교통공사,1호선,장전(부산가톨릭대학교),2,금정구청소년지원센터 
부산교통공사,1호선,구서,1,금정농협 구서지점
부산교통공사,1호선,구서,1,부산은행 구서동
부산교통공사,1호선,구서,3,장서초등학교
부산교통공사,1호선,구서,3,이마트 금정점
부산교통공사,1호선,구서,4,브라운도트호텔 구서역점
부산교통공사,1호선,두실,2,벤츠자동차금정서비스센터
부산교통공사,1호선,두실,5,NH농협은행 구서동지점
부산교통공사,1호선,두실,3,부영벽산아파트
부산교통공사,1호선,두실,3,구서신동아아파트
부산교통공사,1호선,두실,4,대성파크아파트
부산교통공사,1호선,두실,4,부곡순복음교회
부산교통공사,1호선,두실,6,금정직업전문학교
부산교통공사,1호선,두실,7,구서2동행정복지센터
부산교통공사,1호선,두실,8,금정직업전문학교
부산교통공사,1호선,부산진,8,(기차역)부산진역
부산교통공사,1호선,시청(연제),5,거제시장
부산교통공사,1호선,온천장,4,동현중학교
부산교통공사,1호선,초량,1,하나은행 초량지점
부산교통공사,1호선,초량,2,한국토지주택공사 부산울산지역본부
부산교통공사,1호선,초량,3,부산중.고등학교
부산교통공사,1호선,초량,3,부산보훈복지회관
부산교통공사,1호선,초량,4,부산항국제여객터미널
부산교통공사,2호선,구명,3,가람중학교
부산교통공사,2호선,냉정,5,좋은삼선병원
부산교통공사,2호선,냉정,6,주양초등학교
부산교통공사,2호선,주례,3,주례럭키아파트
부산교통공사,2호선,주례,4,성동배드민턴실내체육관
부산교통공사,2호선,주례,5,농협은행(주례동지점)
부산교통공사,2호선,주례,6,주례현대아파트
부산교통공사,2호선,주례,7,사상구국민체육센터
부산교통공사,2호선,주례,8,부산시민스포츠센터
부산교통공사,2호선,사상(서부터미널),3,홈플러스(서부산점)
부산교통공사,2호선,사상(서부터미널),3,이마트(사상점)
부산교통공사,2호선,사상(서부터미널),3,애플아울렛
부산교통공사,2호선,서면,6,메리츠증권
부산교통공사,2호선,서면,7,메디컬센터
부산교통공사,2호선,서면,8,부산진소방서
부산교통공사,2호선,서면,9,부산진경찰서
부산교통공사,2호선,서면,9,부산진구청
부산교통공사,2호선,서면,11,한국투자증권
부산교통공사,2호선,서면,11,부산은행(부전동)
부산교통공사,2호선,사상(서부터미널),1,하나은행(사상지점)
부산교통공사,2호선,덕천(부산과기대),2,구포1동행정복지센터
부산교통공사,2호선,금곡,5,버스정류장(구포방면)
부산교통공사,2호선,금곡,6,부산광역시 인재개발원
부산교통공사,2호선,호포,2,금정산등산로입구
부산교통공사,2호선,양산(시청.동원과학기술대학교),1,남부고등학교
부산교통공사,2호선,양산(시청.동원과학기술대학교),1,양산중학교
부산교통공사,2호선,양산(시청.동원과학기술대학교),1,양산경찰서
부산교통공사,2호선,못골(남구청),1,롯데하이마트
부산교통공사,2호선,못골(남구청),1,삼성스토어(대연점)
부산교통공사,2호선,못골(남구청),2,윌리스요양병원
부산교통공사,2호선,못골(남구청),3,대연3구역주택재개발정비사업지역
부산교통공사,2호선,못골(남구청),4,연포초등학교
부산교통공사,2호선,문현,2,문현3동행정복지센터
부산교통공사,2호선,문현,2,문현지구대
부산교통공사,2호선,문현,3,부산시민회관
부산교통공사,2호선,문현,3,부산MBC
부산교통공사,2호선,국제금융센터.부산은행,1,부산은행본점
부산교통공사,2호선,국제금융센터.부산은행,2,성심복지센터
부산교통공사,2호선,국제금융센터.부산은행,2,국제금융센터 퀸즈W아파트
부산교통공사,2호선,국제금융센터.부산은행,2,금융단지새마을금고
부산교통공사,2호선,국제금융센터.부산은행,3,한국거래소
부산교통공사,2호선,국제금융센터.부산은행,3,주택도시보증공사본사
부산교통공사,2호선,국제금융센터.부산은행,3,한국자산관리공사본사
부산교통공사,2호선,국제금융센터.부산은행,3,부산국제금융센터
부산교통공사,2호선,국제금융센터.부산은행,3,국민은행(국제금융센터)
부산교통공사,2호선,국제금융센터.부산은행,4,금융센터디온플레이스 오피스텔
부산교통공사,2호선,국제금융센터.부산은행,4,나락서점
부산교통공사,2호선,국제금융센터.부산은행,4,전포돌산공원
부산교통공사,2호선,전포,6,전포종합사회복지관
부산교통공사,2호선,서면,6,하나은행(부전동지점)
부산교통공사,2호선,서면,6,서면공구골목
부산교통공사,2호선,서면,7,롯데백화점 부산본점
부산교통공사,2호선,서면,7,서면포장마차거리
부산교통공사,2호선,서면,8,스타벅스서면역점
부산교통공사,2호선,서면,8,에보스요양병원
부산교통공사,2호선,서면,9,하나은행(서면지점)
부산교통공사,2호선,서면,9,국민은행(부전동지점)
부산교통공사,2호선,서면,11,서면교통안내센터
부산교통공사,2호선,서면,11,BNK투자증권본사
부산교통공사,2호선,부암(온종합병원),6,롯데마트(부산점)
부산교통공사,2호선,부암(온종합병원),6,부암1동주민센터
부산교통공사,2호선,부암(온종합병원),6,가야차량사업소
부산교통공사,2호선,가야,3,가야삼한사랑채아파트
부산교통공사,2호선,가야,4,당감태화현대1단지.2단지 아파트
부산교통공사,2호선,동의대,7,부산진시니어클럽
부산교통공사,2호선,동의대,8,부산진구노인요양센터
부산교통공사,2호선,개금,1,신한은행(개금점)
부산교통공사,2호선,개금,1,중부산농협개금지점
부산교통공사,2호선,개금,2,미래여성병원
부산교통공사,2호선,개금,4,개금성당
부산교통공사,2호선,개금,4,신개금LG 1차.2차아파트
부산교통공사,2호선,개금,5,개금동새마을금고(개금1동지점)
부산교통공사,2호선,냉정,1,주학초등학교
부산교통공사,2호선,냉정,2,개금동물병원
부산교통공사,2호선,냉정,2,주례희망디딤돌센터
부산교통공사,2호선,냉정,4,주양초등학교
부산교통공사,2호선,서면,5,삼성증권
부산교통공사,2호선,센텀시티(BEXCO.신세계),13,센텀프리미어호텔
부산교통공사,2호선,센텀시티(BEXCO.신세계),13,올림픽공원
부산교통공사,2호선,서면,5,우리저축은행
부산교통공사,2호선,서면,5,진주저축은행
부산교통공사,2호선,남양산(범어),3,범어고등학교
부산교통공사,2호선,양산(시청.동원과학기술대학교),1,이마트(양산점)
부산교통공사,2호선,양산(시청.동원과학기술대학교),1,양산보건소
부산교통공사,2호선,양산(시청.동원과학기술대학교),1,양산시외버스터미널
부산교통공사,2호선,양산(시청.동원과학기술대학교),1,양산남부고등학교
부산교통공사,2호선,양산(시청.동원과학기술대학교),1,중앙중학교
부산교통공사,2호선,양산(시청.동원과학기술대학교),1,신양초등학교
부산교통공사,2호선,양산(시청.동원과학기술대학교),3,양산종합운동장방면
부산교통공사,2호선,양산(시청.동원과학기술대학교),3,양산제일고등학교
부산교통공사,2호선,양산(시청.동원과학기술대학교),3,양산여자고등학교
부산교통공사,2호선,양산(시청.동원과학기술대학교),3,강서동 행정복지센터
부산교통공사,2호선,양산(시청.동원과학기술대학교),3,한빛국제학교
부산교통공사,2호선,양산(시청.동원과학기술대학교),4,동원과학기술대학교(87번버스정류장)
부산교통공사,2호선,양산(시청.동원과학기술대학교),4,양산시청/시의회방면
부산교통공사,2호선,양산(시청.동원과학기술대학교),4,양산문화예술회관방면
부산교통공사,2호선,양산(시청.동원과학기술대학교),4,중부초등학교
부산교통공사,2호선,화명,1,CGV화명
부산교통공사,2호선,화명,1,부산은행 화명동지점
부산교통공사,2호선,화명,1,베스티안부산병원
부산교통공사,2호선,화명,2,북구국민체육센터
부산교통공사,2호선,화명,2,화명성당
부산교통공사,2호선,화명,3,대우이안아파트
부산교통공사,2호선,화명,3,사과나무치과병원
부산교통공사,2호선,화명,3,하나은행(화명동지점)
부산교통공사,2호선,화명,4,화명성당
부산교통공사,2호선,화명,4,화잠초등학교
부산교통공사,2호선,화명,4,부산화명새마을금고
부산교통공사,2호선,화명,5,화명동 롯데낙천대아파트
부산교통공사,2호선,화명,5,북구구민운동장
부산교통공사,2호선,화명,5,부산인도네시아센터
부산교통공사,2호선,화명,5,화명고등학교
부산교통공사,2호선,화명,5,명진중학교
부산교통공사,2호선,화명,6,금정산성방면
부산교통공사,2호선,화명,6,대천천
부산교통공사,2호선,화명,6,북구보건소
부산교통공사,2호선,화명,6,화신중학교
부산교통공사,2호선,율리,1,부산뇌병변복지관
부산교통공사,2호선,율리,1,금곡고등학교
부산교통공사,2호선,율리,1,금명초등/중학교
부산교통공사,2호선,율리,2,화명2동 행정복지센터
부산교통공사,2호선,율리,3,한국산업인력공단(부산지역본부)
부산교통공사,2호선,율리,4,호포/양산방면
부산교통공사,2호선,율리,4,금곡동우체국
부산교통공사,2호선,율리,4,금곡동 행정복지센터
부산교통공사,2호선,동원,1,부산지방조달청
부산교통공사,2호선,동원,1,동원종합사회복지관
부산교통공사,2호선,동원,1,금곡중학교
부산교통공사,2호선,동원,1,금곡초등학교
부산교통공사,2호선,동원,1,금곡종합사회복지관
부산교통공사,2호선,동원,1,금곡청소년수련관
부산교통공사,2호선,금곡,1,금곡본동우체국
부산교통공사,2호선,금곡,3,금창초등학교
부산교통공사,2호선,금곡,5,호포/양산방면
부산교통공사,2호선,금곡,5,부산교통문화연수원
부산교통공사,2호선,금곡,5,부산 동물위생시험소
부산교통공사,2호선,금곡,5,부산여성가족과 평생교육진흥원
부산교통공사,2호선,금곡,5,부산광역시 인재개발원
부산교통공사,2호선,금곡,5,부산시소방학교
부산교통공사,2호선,호포,1,물금/양산방면
부산교통공사,2호선,호포,1,호포역버스정류장
부산교통공사,2호선,호포,2,BTC아카데미
부산교통공사,2호선,호포,2,호포차량사업소
부산교통공사,2호선,호포,2,호포새마을
부산교통공사,2호선,호포,3,호포마을
부산교통공사,2호선,호포,3,금곡방면
부산교통공사,2호선,부산대양산캠퍼스,1,증산마을
부산교통공사,2호선,부산대양산캠퍼스,3,부산대양산캠퍼스
부산교통공사,2호선,부산대양산캠퍼스,5,양산부산대병원
부산교통공사,2호선,부산대양산캠퍼스,5,부산대 어린이병원
부산교통공사,2호선,남양산(범어),1,범어중학교
부산교통공사,2호선,남양산(범어),1,양산부산대병원
부산교통공사,2호선,남양산(범어),1,부산대 어린이병원
부산교통공사,2호선,남양산(범어),1,삼성전자서비스(양산센터)
부산교통공사,2호선,남양산(범어),1,황산초등학교
부산교통공사,2호선,남양산(범어),2,양산타워
부산교통공사,2호선,남양산(범어),3,양산소방소
부산교통공사,2호선,남양산(범어),3,물금고등학교
부산교통공사,2호선,남양산(범어),3,부산식약청 양산수입식품검사소
부산교통공사,2호선,남양산(범어),3,신주중학교
부산교통공사,2호선,남양산(범어),3,국민연금공단양산지사
부산교통공사,2호선,구남,3,구남초학교
부산교통공사,2호선,구남,3,부산은행 구남지점
부산교통공사,2호선,구남,3,구남우편취급국
부산교통공사,2호선,구남,4,덕천방면
부산교통공사,2호선,구남,4,부산백양고등학교
부산교통공사,2호선,구남,4,부산광역시학생예술문화회관
부산교통공사,2호선,구남,4,부산과학기술대학교
부산교통공사,2호선,덕천(부산과기대),1,구포시장공영주차장
부산교통공사,2호선,덕천(부산과기대),1,구포새마을금고(구포시장지점)
부산교통공사,2호선,덕천(부산과기대),1,구포시장
부산교통공사,2호선,덕천(부산과기대),1,구포신협본점
부산교통공사,2호선,덕천(부산과기대),2,부산은행(구포지점)
부산교통공사,2호선,덕천(부산과기대),2,북부산농협 하나로마트
부산교통공사,2호선,덕천(부산과기대),2,덕천2동우체국
부산교통공사,2호선,덕천(부산과기대),2,덕천초등학교
부산교통공사,2호선,덕천(부산과기대),2,헌혈의집(덕천센터)
부산교통공사,2호선,덕천(부산과기대),2,북부산농협 본점   
부산교통공사,2호선,덕천(부산과기대),3,구포시장
부산교통공사,2호선,덕천(부산과기대),3,구포성심병원
부산교통공사,2호선,덕천(부산과기대),6,부민병원
부산교통공사,2호선,덕천(부산과기대),6,국민은행(덕천동지점)
부산교통공사,2호선,덕천(부산과기대),4,덕천시장
부산교통공사,2호선,덕천(부산과기대),4,덕천2동우체국
부산교통공사,2호선,덕천(부산과기대),4,국민건강보험공단(부산울산경남지역본부)
부산교통공사,2호선,덕천(부산과기대),4,북부산새마을금고(덕천지점)
부산교통공사,2호선,덕천(부산과기대),6,부산소상공인진흥공단(부산북부센터)
부산교통공사,2호선,덕천(부산과기대),5,대리천공영주차장
부산교통공사,2호선,덕천(부산과기대),4,북부산농협 본점   
부산교통공사,2호선,덕천(부산과기대),5,구포방면
부산교통공사,2호선,덕천(부산과기대),5,삼성전자서비스(구포센터)
부산교통공사,2호선,덕천(부산과기대),6,덕천2동 행정복지센터
부산교통공사,2호선,덕천(부산과기대),6,국민연금공단 북부산지사
부산교통공사,2호선,덕천(부산과기대),6,근로복지공단 부산북부지사
부산교통공사,2호선,덕천(부산과기대),6,구포119안전센터
부산교통공사,2호선,덕천(부산과기대),6,덕성초등학교
부산교통공사,2호선,덕천(부산과기대),7,미래로병원
부산교통공사,2호선,덕천(부산과기대),8,덕천요양병원
부산교통공사,2호선,덕천(부산과기대),8,화명방면
부산교통공사,2호선,덕천(부산과기대),8,국민연금공단 북부산지사
부산교통공사,2호선,덕천(부산과기대),8,덕성초등학교
부산교통공사,2호선,덕천(부산과기대),8,덕천2동 행정복지센터
부산교통공사,2호선,덕천(부산과기대),8,근로복지공단 부산북부지사
부산교통공사,2호선,덕천(부산과기대),7,기업은행(덕천동지점)
부산교통공사,2호선,덕천(부산과기대),7,시원항병원
부산교통공사,2호선,덕천(부산과기대),10,화명방면
부산교통공사,2호선,덕천(부산과기대),10,덕천2동 행정복지센터
부산교통공사,2호선,덕천(부산과기대),10,BNK저축은행(덕천점)
부산교통공사,2호선,덕천(부산과기대),10,덕성초등학교
부산교통공사,2호선,덕천(부산과기대),10,부산북구문화예술회관
부산교통공사,2호선,수정(방송통신대),2,화명롯데캐슬카이저아파트
부산교통공사,2호선,수정(방송통신대),3,파리바게뜨(화명수정점)
부산교통공사,2호선,수정(방송통신대),3,한국방송통신대학교
부산교통공사,2호선,수정(방송통신대),5,북부경찰서
부산교통공사,2호선,수정(방송통신대),5,용수중학교
부산교통공사,2호선,수정(방송통신대),4,화명우체국
부산교통공사,2호선,수정(방송통신대),4,화명119안전센터
부산교통공사,2호선,수정(방송통신대),4,화명그린공원
부산교통공사,2호선,수정(방송통신대),4,화명중학교
부산교통공사,2호선,수정(방송통신대),4,명덕초등학교
부산교통공사,2호선,화명,1,북부경찰서
부산교통공사,2호선,화명,1,북부산우체국
부산교통공사,2호선,화명,1,부산북부고용복지센터
부산교통공사,2호선,화명,1,(기차역)화명역
부산교통공사,2호선,화명,1,부산어촌민속관
부산교통공사,2호선,사상(서부터미널),2,(기차역)사상역
부산교통공사,2호선,사상(서부터미널),2,기업은행(사상지점)
부산교통공사,2호선,사상(서부터미널),3,부산서부버스터미널
부산교통공사,2호선,사상(서부터미널),3,부산산업용품유통단지
부산교통공사,2호선,사상(서부터미널),3,르네시떼
부산교통공사,2호선,사상(서부터미널),4,사상여성인력개발센터
부산교통공사,2호선,사상(서부터미널),4,헌혈의집(사상센터)
부산교통공사,2호선,사상(서부터미널),4,(기차역)사상역
부산교통공사,2호선,사상(서부터미널),4,괘법동 행정복지센터
부산교통공사,2호선,사상(서부터미널),4,괘법치안센터
부산교통공사,2호선,사상(서부터미널),5,르네시떼
부산교통공사,2호선,사상(서부터미널),5,창진초등학교
부산교통공사,2호선,사상(서부터미널),5,부산서부버스터미널
부산교통공사,2호선,사상(서부터미널),5,이마트(사상점)
부산교통공사,2호선,사상(서부터미널),5,애플아울렛
부산교통공사,2호선,사상(서부터미널),6,괘법치안센터
부산교통공사,2호선,사상(서부터미널),6,사상고등학교
부산교통공사,2호선,사상(서부터미널),6,사상초등학교
부산교통공사,2호선,사상(서부터미널),6,늘푸른사상새마을금고(괘법동지점)
부산교통공사,2호선,덕포,1,사상방면
부산교통공사,2호선,덕포,1,덕포1동우체국
부산교통공사,2호선,덕포,1,삼덕초등학교
부산교통공사,2호선,덕포,1,덕포시장
부산교통공사,2호선,덕포,2,덕포1동 행정복지센터
부산교통공사,2호선,덕포,2,사상고등학교
부산교통공사,2호선,덕포,2,덕포여자중학교
부산교통공사,2호선,덕포,2,부산도서관
부산교통공사,2호선,덕포,3,사상소방서
부산교통공사,2호선,덕포,3,대성자동차운전전문학원
부산교통공사,2호선,덕포,3,덕포2동 행정복지센터
부산교통공사,2호선,덕포,3,북부운전면허시험장
부산교통공사,2호선,덕포,4,신라대학교
부산교통공사,2호선,덕포,4,부산항공고등학교
부산교통공사,2호선,덕포,4,부산산업학교
부산교통공사,2호선,덕포,4,덕포초등학교
부산교통공사,2호선,덕포,4,덕상초등학교
부산교통공사,2호선,모라,1,사상방면
부산교통공사,2호선,모라,1,농심(부산공장)
부산교통공사,2호선,모라,1,모라초등학교
부산교통공사,2호선,모라,2,모라1동행정복지센터
부산교통공사,2호선,모라,2,시티요양병원(모라분원) 
부산교통공사,2호선,모라,2,신모라사거리
부산교통공사,2호선,모라,2,늘푸른사상새마을금고
부산교통공사,2호선,모라,3,구포축산물도매시장
부산교통공사,2호선,모라,3,우리은행(모라동지점)
부산교통공사,2호선,모라,3,북부산등기소
부산교통공사,2호선,모라,3,북구청
부산교통공사,2호선,모라,3,모라동우체국
부산교통공사,2호선,모라,3,북부산등기소
부산교통공사,2호선,모라,3,모라1치안센터
부산교통공사,2호선,모라,4,사상구장애인자립생활센터
부산교통공사,2호선,모라,4,모라119안전센터
부산교통공사,2호선,모라,4,모라중학교
부산교통공사,2호선,구남,1,모라방면
부산교통공사,2호선,구남,1,북구청
부산교통공사,2호선,구남,1,북부산등기소
부산교통공사,2호선,구남,1,구포2치안센터
부산교통공사,2호선,구남,1,구포현대아파트
부산교통공사,2호선,구남,2,부산광역시북부교육청
부산교통공사,2호선,구남,2,구포도서관
부산교통공사,2호선,구남,2,구남중학교
부산교통공사,2호선,구남,2,구포중학교
부산교통공사,2호선,구남,3,구포대교
부산교통공사,2호선,구남,3,구포2치안센터
부산교통공사,2호선,개금,4,개금3동 행정복지센터
부산교통공사,2호선,개금,4,개금초등학교
부산교통공사,2호선,개금,5,개금2동 행정복지센터
부산교통공사,2호선,개금,5,부산백병원
부산교통공사,2호선,개금,5,종합새시장
부산교통공사,2호선,개금,5,주례
부산교통공사,2호선,개금,5,국민은행(개금동)
부산교통공사,2호선,개금,7,IBK기업은행(개금동)
부산교통공사,2호선,개금,7,종합새시장
부산교통공사,2호선,개금,7,주례
부산교통공사,2호선,냉정,1,경남정보대학
부산교통공사,2호선,냉정,1,냉정시장
부산교통공사,2호선,냉정,1,주례2동우편취급국
부산교통공사,2호선,냉정,1,주례중학교
부산교통공사,2호선,냉정,1,부산은행 냉정역지점
부산교통공사,2호선,냉정,2,개금 방면
부산교통공사,2호선,냉정,3,경남정보대학교
부산교통공사,2호선,냉정,3,주례여자고등학교
부산교통공사,2호선,냉정,3,민석도서관
부산교통공사,2호선,냉정,4,냉정역공영주차장
부산교통공사,2호선,냉정,5,동서대학교
부산교통공사,2호선,냉정,5,주례2동 행정복지센터
부산교통공사,2호선,냉정,6,주례개발추진위원회
부산교통공사,2호선,냉정,6,부산보훈병원
부산교통공사,2호선,주례,1,동주중학교
부산교통공사,2호선,주례,2,럭키탁구교실
부산교통공사,2호선,주례,1,동주초등학교
부산교통공사,2호선,주례,1,주례여자중학교
부산교통공사,2호선,주례,2,주례2동
부산교통공사,2호선,주례,3,주례3동행정복지센터
부산교통공사,2호선,주례,3,공영주차장
부산교통공사,2호선,주례,4,부산보훈병원
부산교통공사,2호선,주례,4,주감초등학교
부산교통공사,2호선,주례,4,주례119 안전센터
부산교통공사,2호선,주례,5,공영주차장
부산교통공사,2호선,주례,6,주감초등학교
부산교통공사,2호선,주례,6,동일아파트
부산교통공사,2호선,주례,7,교통안전공단 부산본부
부산교통공사,2호선,주례,7,부산구치소
부산교통공사,2호선,주례,7,가야컴퓨터도매상가
부산교통공사,2호선,주례,7,주례자동차검사소
부산교통공사,2호선,주례,8,부산은행(사상지점)
부산교통공사,2호선,주례,8,하나은행(주례지점)
부산교통공사,2호선,주례,8,주례1동 행정복지센터
부산교통공사,2호선,주례,8,주례동우체국
부산교통공사,2호선,감전(사상구청),1,사상구 보건소
부산교통공사,2호선,감전(사상구청),1,사상구청/의회
부산교통공사,2호선,감전(사상구청),1,사상경찰서
부산교통공사,2호선,감전(사상구청),2,사상그린공원
부산교통공사,2호선,감전(사상구청),2,사상구종합사회복지관
부산교통공사,2호선,감전(사상구청),2,사상구보훈회관
부산교통공사,2호선,감전(사상구청),1,한국건강관리협회(부산서부지부)
부산교통공사,2호선,감전(사상구청),3,감전초등학교
부산교통공사,2호선,감전(사상구청),3,감전우편취급국
부산교통공사,2호선,감전(사상구청),3,북부산세무서
부산교통공사,2호선,감전(사상구청),4,사상근린공원 유아숲체험원
부산교통공사,2호선,감전(사상구청),4,사상공원
부산교통공사,2호선,사상(서부터미널),1,부산사상우체국
부산교통공사,2호선,사상(서부터미널),1,괘법초등학교
부산교통공사,2호선,사상(서부터미널),1,산업용품유통단지
부산교통공사,2호선,사상(서부터미널),1,국민건강보험공단 사상지사
부산교통공사,2호선,사상(서부터미널),1,신용보증기금 사상지사
부산교통공사,2호선,사상(서부터미널),1,국민연금공단(사상지사)
부산교통공사,2호선,사상(서부터미널),1,부산은행(사상중앙지점)
부산교통공사,2호선,부암(온종합병원),2,부산진구청
부산교통공사,2호선,부암(온종합병원),2,서면중학교
부산교통공사,2호선,부암(온종합병원),3,부산수학문화관
부산교통공사,2호선,부암(온종합병원),3,부전초등학교
부산교통공사,2호선,부암(온종합병원),3,서면
부산교통공사,2호선,부암(온종합병원),3,BMC부산도시공사
부산교통공사,2호선,부암(온종합병원),3,부산영어도서관
부산교통공사,2호선,부암(온종합병원),8,서면시즌빌아파트
부산교통공사,2호선,부암(온종합병원),4,진양사거리방면
부산교통공사,2호선,부암(온종합병원),4,부산진구청
부산교통공사,2호선,부암(온종합병원),4,서면중학교
부산교통공사,2호선,부암(온종합병원),5,부산철도차량관리단
부산교통공사,2호선,부암(온종합병원),5,탑훼미리아파트
부산교통공사,2호선,부암(온종합병원),6,당감/부암방면
부산교통공사,2호선,부암(온종합병원),6,부산기관차승무사무소
부산교통공사,2호선,부암(온종합병원),6,부암초등학교
부산교통공사,2호선,부암(온종합병원),6,온종합병원
부산교통공사,2호선,부암(온종합병원),7,가야1동 새마을금고
부산교통공사,2호선,부암(온종합병원),7,서면이편한세상아파트
부산교통공사,2호선,부암(온종합병원),8,가야
부산교통공사,2호선,부암(온종합병원),8,당감2동 행정복지센터
부산교통공사,2호선,가야,1,가남초등학교
부산교통공사,2호선,가야,1,CBS부산방송국
부산교통공사,2호선,가야,1,현대자동차블루핸즈(가야점)
부산교통공사,2호선,가야,2,가야동그린시티아파트
부산교통공사,2호선,가야,3,가남초등학교
부산교통공사,2호선,가야,3,가야1치안센터
부산교통공사,2호선,가야,3,부산은행 가야동지점
부산교통공사,2호선,가야,4,가야119안전센터
부산교통공사,2호선,동의대,1,삼성전자서비스 부산진센터
부산교통공사,2호선,동의대,1,가야초등학교
부산교통공사,2호선,동의대,1,부산은행 가야동지점
부산교통공사,2호선,동의대,2,부산울산지방병무청
부산교통공사,2호선,동의대,2,부산진우체국
부산교통공사,2호선,동의대,3,가산초등학교
부산교통공사,2호선,동의대,3,부산시다사랑복합문화예술회관
부산교통공사,2호선,동의대,3,미소노인복지센터
부산교통공사,2호선,동의대,3,동의대학교
부산교통공사,2호선,동의대,4,롯데하이마트 가야점
부산교통공사,2호선,동의대,4,백양터널
부산교통공사,2호선,동의대,5,가야2동 주민센터
부산교통공사,2호선,동의대,5,가야고등학교
부산교통공사,2호선,동의대,5,개성중학교
부산교통공사,2호선,동의대,5,동의대학교
부산교통공사,2호선,동의대,6,광무여자중학교
부산교통공사,2호선,동의대,6,개금주공 2단지.3단지 아파트
부산교통공사,2호선,동의대,6,백양터널
부산교통공사,2호선,동의대,7,가야2동 행정복지센터
부산교통공사,2호선,동의대,7,중부산농협신가야지점
부산교통공사,2호선,동의대,7,가야유원지
부산교통공사,2호선,동의대,8,가야동원로얄듀크아파트
부산교통공사,2호선,동의대,8,개금사거리
부산교통공사,2호선,동의대,8,백양터널
부산교통공사,2호선,개금,1,가평초등학교
부산교통공사,2호선,개금,1,개금1동 행정복지센터
부산교통공사,2호선,개금,1,개금시장
부산교통공사,2호선,개금,2,개금3동주민센터
부산교통공사,2호선,개금,2,개림중학교
부산교통공사,2호선,개금,2,참요양병원
부산교통공사,2호선,개금,3,부산은행(개금지점)
부산교통공사,2호선,개금,3,개금2동 행정복지센터
부산교통공사,2호선,개금,3,부산백병원
부산교통공사,2호선,개금,3,주례초등학교
부산교통공사,2호선,개금,3,주원초등학교
부산교통공사,2호선,못골(남구청),4,부산구화학교
부산교통공사,2호선,못골(남구청),4,부산중앙고등학교
부산교통공사,2호선,못골(남구청),4,해연중학교
부산교통공사,2호선,지게골,1,대양고등학교
부산교통공사,2호선,지게골,1,한마음방문요양재가복지센터
부산교통공사,2호선,지게골,1,대연고개방면
부산교통공사,2호선,지게골,2,부산중앙고등학교
부산교통공사,2호선,지게골,2,대림아파트
부산교통공사,2호선,지게골,4,문현3동행정복지센터
부산교통공사,2호선,지게골,3,문현4동 행정복지센터
부산교통공사,2호선,지게골,3,배정미래고등학교
부산교통공사,2호선,지게골,3,문현동우체국
부산교통공사,2호선,지게골,3,배정고등학교
부산교통공사,2호선,지게골,4,메가마트(문현점)
부산교통공사,2호선,지게골,4,문현3동 행정복지센터
부산교통공사,2호선,지게골,4,문현성당
부산교통공사,2호선,문현,1,공무원연금관리공단
부산교통공사,2호선,문현,1,문현교차로
부산교통공사,2호선,문현,1,노동복지회관
부산교통공사,2호선,문현,4,문현삼성아파트
부산교통공사,2호선,문현,2,문현4동 행정복지센터
부산교통공사,2호선,문현,2,문현4치안센터
부산교통공사,2호선,문현,2,문현교차로
부산교통공사,2호선,문현,3,성동중학교
부산교통공사,2호선,문현,4,문현여자중학교
부산교통공사,2호선,국제금융센터.부산은행,1,문현금융단지
부산교통공사,2호선,국제금융센터.부산은행,1,한국은행부산본부
부산교통공사,2호선,국제금융센터.부산은행,3,부산상공회의소
부산교통공사,2호선,국제금융센터.부산은행,4,문전사거리
부산교통공사,2호선,국제금융센터.부산은행,4,황령터널
부산교통공사,2호선,전포,1,글로벌연구센터
부산교통공사,2호선,전포,1,부산교통공사
부산교통공사,2호선,전포,1,부산상공회의소
부산교통공사,2호선,전포,1,전포파출소
부산교통공사,2호선,전포,1,CGV서면
부산교통공사,2호선,전포,2,대한적십자사 부산혈액원
부산교통공사,2호선,전포,2,부산동성고등학교
부산교통공사,2호선,전포,2,부산마케팅고등학교
부산교통공사,2호선,전포,2,성북초등학교
부산교통공사,2호선,전포,2,덕명여자중학교
부산교통공사,2호선,전포,3,경남공업고등학교
부산교통공사,2호선,전포,3,한국전력공사(부산울산본부)
부산교통공사,2호선,전포,5,부산은행(전포카페거리지점)
부산교통공사,2호선,전포,4,동성초등학교
부산교통공사,2호선,전포,4,덕명여자중학교
부산교통공사,2호선,전포,5,경남공업고등학교
부산교통공사,2호선,전포,5,한국전력공사
부산교통공사,2호선,전포,6,동성초등학교
부산교통공사,2호선,전포,6,부산동중/고등학교
부산교통공사,2호선,전포,7,궁리마루
부산교통공사,2호선,전포,7,천일정기화물자동차
부산교통공사,2호선,전포,7,전자전기도매상가
부산교통공사,2호선,전포,7,전포성당
부산교통공사,2호선,전포,8,부산진여자중학교
부산교통공사,2호선,전포,8,전포1동 행정복지센터
부산교통공사,2호선,전포,8,부산은행(전포역지점)
부산교통공사,2호선,전포,8,서면아이파크1단지
부산교통공사,2호선,서면,5,스타벅스서면중앙점
부산교통공사,2호선,부암(온종합병원),1,롯데백화점(부산본점)
부산교통공사,2호선,부암(온종합병원),1,부전초등학교
부산교통공사,2호선,부암(온종합병원),1,서면
부산교통공사,2호선,부암(온종합병원),1,BMC부산도시공사
부산교통공사,2호선,부암(온종합병원),1,부산영어도서관
부산교통공사,2호선,부암(온종합병원),2,부산진경찰서
부산교통공사,2호선,남양산(범어),3,양산황산우체국
부산교통공사,2호선,양산(시청.동원과학기술대학교),3,모다아울렛
부산교통공사,2호선,양산(시청.동원과학기술대학교),3,양산고용복지플러스센터
부산교통공사,2호선,양산(시청.동원과학기술대학교),3,양산종합운동장
부산교통공사,2호선,남천(KBS.수영구청),2,KBS 부산방송총국
부산교통공사,2호선,남천(KBS.수영구청),3,남천해변시장
부산교통공사,2호선,남천(KBS.수영구청),3,부산여성회관
부산교통공사,2호선,남천(KBS.수영구청),3,상수도사업본부 남부사업소
부산교통공사,2호선,남천(KBS.수영구청),3,부산은행 남천동지점
부산교통공사,2호선,남천(KBS.수영구청),4,대남교차로
부산교통공사,2호선,남천(KBS.수영구청),4,황령터널
부산교통공사,2호선,남천(KBS.수영구청),4,그랜드모먼트유스호스텔
부산교통공사,2호선,경성대.부경대(동명대학교),1,대연지구대
부산교통공사,2호선,경성대.부경대(동명대학교),1,부산여성회관
부산교통공사,2호선,경성대.부경대(동명대학교),1,남천중학교
부산교통공사,2호선,경성대.부경대(동명대학교),2,대연3동행정복지센터
부산교통공사,2호선,경성대.부경대(동명대학교),2,용소초둥학교
부산교통공사,2호선,경성대.부경대(동명대학교),2,대남교차로
부산교통공사,2호선,경성대.부경대(동명대학교),2,황령터널
부산교통공사,2호선,경성대.부경대(동명대학교),3,대연3동 우편취급국
부산교통공사,2호선,경성대.부경대(동명대학교),3,도로교통공단
부산교통공사,2호선,경성대.부경대(동명대학교),3,부산예술회관
부산교통공사,2호선,경성대.부경대(동명대학교),3,부경대학교
부산교통공사,2호선,경성대.부경대(동명대학교),3,한국전기안전공사(부산동부지사)
부산교통공사,2호선,경성대.부경대(동명대학교),4,대남교차로
부산교통공사,2호선,경성대.부경대(동명대학교),5,남부운전면허시험장
부산교통공사,2호선,경성대.부경대(동명대학교),5,대연고등학교
부산교통공사,2호선,경성대.부경대(동명대학교),5,동명대학교
부산교통공사,2호선,경성대.부경대(동명대학교),5,헌혈의집(대연센터)
부산교통공사,2호선,경성대.부경대(동명대학교),5,한국산업인력공단 부산남부지사
부산교통공사,2호선,경성대.부경대(동명대학교),6,경성대 제1.제2 누리생활관
부산교통공사,2호선,경성대.부경대(동명대학교),6,나이팅게일관
부산교통공사,2호선,경성대.부경대(동명대학교),6,경성대학교
부산교통공사,2호선,경성대.부경대(동명대학교),6,대연119안전센터
부산교통공사,2호선,경성대.부경대(동명대학교),6,CGV대연
부산교통공사,2호선,대연(고려병원),1,부산박물관
부산교통공사,2호선,대연(고려병원),1,대연치안센터
부산교통공사,2호선,대연(고려병원),2,남구도서관
부산교통공사,2호선,대연(고려병원),2,남구민방위교육장
부산교통공사,2호선,대연(고려병원),2,대연우체국
부산교통공사,2호선,대연(고려병원),3,부산신용보증재단 남부산지점
부산교통공사,2호선,대연(고려병원),3,고려병원
부산교통공사,2호선,대연(고려병원),3,유엔기념공원방면
부산교통공사,2호선,대연(고려병원),3,부산문화회관방면
부산교통공사,2호선,대연(고려병원),3,부산박물관
부산교통공사,2호선,대연(고려병원),4,하나은행(대연동지점)
부산교통공사,2호선,대연(고려병원),4,대연초등학교
부산교통공사,2호선,대연(고려병원),5,부산문화회관
부산교통공사,2호선,대연(고려병원),5,부산박물관/평화공원
부산교통공사,2호선,대연(고려병원),5,유엔기념공원
부산교통공사,2호선,대연(고려병원),6,대연5동 행정복지센터
부산교통공사,2호선,못골(남구청),1,대연중학교
부산교통공사,2호선,못골(남구청),1,부산공업고등학교
부산교통공사,2호선,못골(남구청),2,부산성소병원
부산교통공사,2호선,못골(남구청),2,남구보건소
부산교통공사,2호선,못골(남구청),2,남부교육청
부산교통공사,2호선,못골(남구청),2,대연시장
부산교통공사,2호선,못골(남구청),2,우리은행(대연동지점)
부산교통공사,2호선,못골(남구청),3,대연(문현)고개
부산교통공사,2호선,못골(남구청),3,인창대연요양병원
부산교통공사,2호선,못골(남구청),4,남구청
부산교통공사,2호선,못골(남구청),4,대연6동 행정복지센터
부산교통공사,2호선,수영,3,수영팔도상가시장
부산교통공사,2호선,수영,3,수영동우체국
부산교통공사,2호선,수영,3,수영팔도시장
부산교통공사,2호선,수영,4,광안3동 행정복지센터
부산교통공사,2호선,수영,5,수영강방면
부산교통공사,2호선,수영,5,남부산농협수영지점
부산교통공사,2호선,수영,5,유토피아 관광호텔
부산교통공사,2호선,수영,6,센텀종합병원
부산교통공사,2호선,수영,6,광안3동 행정복지센터
부산교통공사,2호선,수영,7,수영교차로
부산교통공사,2호선,수영,7,광안동
부산교통공사,2호선,수영,8,부산센텀병원   
부산교통공사,2호선,수영,9,수영교차로
부산교통공사,2호선,수영,9,국민연금공단 남부산지사
부산교통공사,2호선,수영,10,수영초등학교
부산교통공사,2호선,수영,14,광안동우체국
부산교통공사,2호선,수영,13,수영구행복한장애인자립센터
부산교통공사,2호선,수영,13,광안동방면
부산교통공사,2호선,수영,14,광안1동 행정복지센터
부산교통공사,2호선,수영,14,광안1치안센터
부산교통공사,2호선,수영,14,수영구보건소
부산교통공사,2호선,수영,14,BHS한서병원
부산교통공사,2호선,수영,15,수영교차로
부산교통공사,2호선,수영,17,광안리해수욕장
부산교통공사,2호선,광안,1,수영교차로방면
부산교통공사,2호선,광안,2,광안1동 행정복지센터
부산교통공사,2호선,광안,2,광안성당
부산교통공사,2호선,광안,2,광안시장
부산교통공사,2호선,광안,2,수영구보건소
부산교통공사,2호선,광안,2,BHS한서병원
부산교통공사,2호선,광안,3,광안리해수욕장
부산교통공사,2호선,광안,3,광안초등학교
부산교통공사,2호선,광안,4,부산수영중학교
부산교통공사,2호선,광안,4,호암그린공원
부산교통공사,2호선,광안,4,광안시장
부산교통공사,2호선,광안,4,세존사
부산교통공사,2호선,광안,5,광안2동 행정복지센터
부산교통공사,2호선,광안,5,광안리해수욕장
부산교통공사,2호선,광안,6,세존사
부산교통공사,2호선,광안,6,광안4동 행정복지센터
부산교통공사,2호선,광안,6,부산수영중학교
부산교통공사,2호선,광안,6,광안자모병원
부산교통공사,2호선,금련산,1,광안리해수욕장
부산교통공사,2호선,금련산,2,수영구국민체육센터
부산교통공사,2호선,금련산,2,수영구평생학습관
부산교통공사,2호선,금련산,2,아시아영화학교
부산교통공사,2호선,금련산,3,남천새마을금고 제1지점
부산교통공사,2호선,금련산,3,광안리해수욕장
부산교통공사,2호선,금련산,3,세흥시장
부산교통공사,2호선,금련산,4,금련산청소년수련원
부산교통공사,2호선,금련산,5,국민건강보험공단(남부지사)
부산교통공사,2호선,금련산,5,남부산우체국
부산교통공사,2호선,금련산,5,남천1치안센터
부산교통공사,2호선,금련산,5,수영구청
부산교통공사,2호선,금련산,6,남부산우체국 물류센터
부산교통공사,2호선,금련산,6,황령산봉수대
부산교통공사,2호선,금련산,6,KBS 부산방송총국
부산교통공사,2호선,남천(KBS.수영구청),1,남부산등기소
부산교통공사,2호선,남천(KBS.수영구청),1,남천1동 행정복지센터
부산교통공사,2호선,남천(KBS.수영구청),1,수영구청
부산교통공사,2호선,남천(KBS.수영구청),1,수영세무서
부산교통공사,2호선,남천(KBS.수영구청),2,남천초등학교
부산교통공사,2호선,남천(KBS.수영구청),2,부산동여자고등학교
부산교통공사,2호선,남천(KBS.수영구청),2,수영구도서관
부산교통공사,2호선,중동,5,해운대성심요양병원
부산교통공사,2호선,중동,5,나눔과행복병원(해운대)
부산교통공사,2호선,중동,5,마포방면
부산교통공사,2호선,중동,7,달맞이길
부산교통공사,2호선,중동,7,해운대푸른바다어린이병원
부산교통공사,2호선,중동,8,신도 초/중/고등학교
부산교통공사,2호선,중동,8,장산/대천공원
부산교통공사,2호선,중동,8,신해운대역방면
부산교통공사,2호선,중동,10,해운대세무서본관
부산교통공사,2호선,중동,10,좌3동 행정복지센터
부산교통공사,2호선,중동,12,라마다앙코른 주차장
부산교통공사,2호선,해운대,1,우1동우체국
부산교통공사,2호선,해운대,1,적십자 해운대 헌혈의 집
부산교통공사,2호선,해운대,1,국민은행해운대지점 
부산교통공사,2호선,해운대,1,해운대구청
부산교통공사,2호선,해운대,1,에코연합치과
부산교통공사,2호선,해운대,2,해운대역사시민공원
부산교통공사,2호선,해운대,2,해운대 시외버스정류소 
부산교통공사,2호선,해운대,3,해운대시장
부산교통공사,2호선,센텀시티(BEXCO.신세계),12,수영강
부산교통공사,2호선,센텀시티(BEXCO.신세계),12,신세계센텀시티
부산교통공사,2호선,센텀시티(BEXCO.신세계),12,APEC 나루공원
부산교통공사,2호선,센텀시티(BEXCO.신세계),12,CGV센텀시티
부산교통공사,2호선,센텀시티(BEXCO.신세계),13,수영강방면
부산교통공사,2호선,센텀시티(BEXCO.신세계),13,민락동방면
부산교통공사,2호선,센텀시티(BEXCO.신세계),13,롯데갤러리움센텀
부산교통공사,2호선,센텀시티(BEXCO.신세계),12,신세계센텀시티아이스링크
부산교통공사,2호선,센텀시티(BEXCO.신세계),12,영화의 전당
부산교통공사,2호선,민락,1,민락수변공원
부산교통공사,2호선,민락,1,백산방면
부산교통공사,2호선,민락,2,수영강
부산교통공사,2호선,민락,2,APEC 나루공원
부산교통공사,2호선,민락,2,현대아파트
부산교통공사,2호선,민락,3,수영교차로
부산교통공사,2호선,민락,3,민락2치안센터
부산교통공사,2호선,민락,3,센텀비스타동원1차/2차 아파트
부산교통공사,2호선,민락,4,언론중재위원회
부산교통공사,2호선,민락,4,한국방송광고공사
부산교통공사,2호선,민락,4,부산은행 수영민락역지점
부산교통공사,2호선,수영,1,수영동 행정복지센터
부산교통공사,2호선,수영,1,수영망미2파출소
부산교통공사,2호선,수영,1,수영팔도시장
부산교통공사,2호선,수영,1,부산은행 수영지점
부산교통공사,2호선,수영,2,망미동
부산교통공사,2호선,수영,2,수영사적공원
부산교통공사,2호선,수영,2,수영팔도 시장
부산교통공사,2호선,장산(해운대백병원),1,신곡초등/중학교
부산교통공사,2호선,장산(해운대백병원),1,좌2동행정복지센터
부산교통공사,2호선,장산(해운대백병원),2,금정구예비군훈련장
부산교통공사,2호선,장산(해운대백병원),2,부산도시가스본사
부산교통공사,2호선,장산(해운대백병원),2,부흥초/중/고등학교
부산교통공사,2호선,장산(해운대백병원),2,해운대백병원
부산교통공사,2호선,장산(해운대백병원),3,부산은행 장산지점
부산교통공사,2호선,장산(해운대백병원),3,청사포방면
부산교통공사,2호선,장산(해운대백병원),4,좌동초등학교
부산교통공사,2호선,장산(해운대백병원),4,해운대교육청
부산교통공사,2호선,장산(해운대백병원),4,상당초등학교/중학교
부산교통공사,2호선,장산(해운대백병원),6,장산역 1번 공영주차장
부산교통공사,2호선,장산(해운대백병원),7,달맞이길
부산교통공사,2호선,장산(해운대백병원),8,장산역 1번 공영주차장
부산교통공사,2호선,장산(해운대백병원),9,달맞이길
부산교통공사,2호선,장산(해운대백병원),9,롯데시네마
부산교통공사,2호선,장산(해운대백병원),10,장산/대천공원
부산교통공사,2호선,장산(해운대백병원),11,동백초등/중학교
부산교통공사,2호선,장산(해운대백병원),11,청사포
부산교통공사,2호선,장산(해운대백병원),11,해송초등학교
부산교통공사,2호선,장산(해운대백병원),11,해운대구보건소
부산교통공사,2호선,장산(해운대백병원),11,흥국자동차운전전문학원
부산교통공사,2호선,장산(해운대백병원),11,달맞이길
부산교통공사,2호선,장산(해운대백병원),11,소명교회
부산교통공사,2호선,장산(해운대백병원),12,삼성전자서비스해운대센터
부산교통공사,2호선,장산(해운대백병원),12,좌동1 행정복지센터
부산교통공사,2호선,장산(해운대백병원),12,해운대도서관
부산교통공사,2호선,장산(해운대백병원),12,해운대문화회관
부산교통공사,2호선,장산(해운대백병원),14,정다운요양원
부산교통공사,2호선,장산(해운대백병원),13,해운대대림 아크로텔오피스텔
부산교통공사,2호선,장산(해운대백병원),13,중동역
부산교통공사,2호선,장산(해운대백병원),14,중동역
부산교통공사,2호선,장산(해운대백병원),14,해운대자생한방병원
부산교통공사,2호선,중동,1,동백중학교
부산교통공사,2호선,중동,2,중1동방면
부산교통공사,2호선,중동,4,중1동방면
부산교통공사,2호선,부산대양산캠퍼스,5,부산대양산캠퍼스역 주차장2
부산교통공사,2호선,남양산(범어),1,녹십자의료재산영남분원
부산교통공사,2호선,남양산(범어),2,양산시립2 테니스장
부산교통공사,2호선,남양산(범어),2,한국지역난방공사(양산지사)
부산교통공사,2호선,양산(시청.동원과학기술대학교),1,양산역환승센터
부산교통공사,2호선,양산(시청.동원과학기술대학교),4,중부119안전센터
부산교통공사,2호선,양산(시청.동원과학기술대학교),4,양주동행정복지센터
부산교통공사,2호선,양산(시청.동원과학기술대학교),2,양산시청
부산교통공사,2호선,양산(시청.동원과학기술대학교),2,양산시의회
부산교통공사,2호선,양산(시청.동원과학기술대학교),2,중부초등학교
부산교통공사,2호선,양산(시청.동원과학기술대학교),2,양산문화예술회관
부산교통공사,2호선,양산(시청.동원과학기술대학교),2,버스정류장
부산교통공사,2호선,모덕,4,부산시상수도사업본부(북부사업소)
부산교통공사,2호선,모덕,4,모덕초등학교
부산교통공사,2호선,모라,1,농심가(모라점)
부산교통공사,2호선,모라,1,모라전통시장
부산교통공사,2호선,구명,1,우리은행(구포지점)
부산교통공사,2호선,구명,1,구포일심요양병원
부산교통공사,2호선,구명,2,구포2동 행정복지센터
부산교통공사,2호선,구명,2,부산시학생예술문화회관
부산교통공사,2호선,구명,2,쿠쿠서비스센터
부산교통공사,2호선,구명,3,(기차역)구포역
부산교통공사,2호선,구명,3,하나노인요양원
부산교통공사,2호선,센텀시티(BEXCO.신세계),8,롯데백화점센텀시티점
부산교통공사,2호선,센텀시티(BEXCO.신세계),8,롯데시네마
부산교통공사,2호선,센텀시티(BEXCO.신세계),8,롯데문화센터
부산교통공사,2호선,센텀시티(BEXCO.신세계),9,해운대센텀호텔
부산교통공사,2호선,센텀시티(BEXCO.신세계),9,국민연금공단 동부산지사
부산교통공사,2호선,센텀시티(BEXCO.신세계),9,올림픽공원
부산교통공사,2호선,센텀시티(BEXCO.신세계),9,미용.성형.안과.신경정신과.정형외과
부산교통공사,2호선,구명,3,구포동우편취급국
부산교통공사,2호선,구명,4,구포초등학교
부산교통공사,2호선,구명,4,구포1동행정복지센터
부산교통공사,2호선,구명,4,북부산신협(구포지점)
부산교통공사,2호선,수정(방송통신대),2,화정초등학교
부산교통공사,2호선,수정(방송통신대),2,낙동고등학교
부산교통공사,2호선,수정(방송통신대),1,멕킨지일신재활병원
부산교통공사,2호선,수정(방송통신대),1,수정강변타운아파트
부산교통공사,2호선,수정(방송통신대),1,방송통신대학교(부산지역대학)
부산교통공사,2호선,수정(방송통신대),5,대림쌍용강변타운
부산교통공사,2호선,화명,1,서울우리요양병원
부산교통공사,2호선,화명,1,롯데마트(화명점)
부산교통공사,2호선,화명,2,화잠초등학교
부산교통공사,2호선,화명,2,부산화명새마을금고
부산교통공사,2호선,화명,6,북부산농협(화명지점)
부산교통공사,2호선,화명,6,화명2동행정복지센터
부산교통공사,2호선,율리,2,벽산강변타운아파트
부산교통공사,2호선,율리,3,하나로마트(부산점)
부산교통공사,2호선,율리,3,부산국가자격시험장
부산교통공사,2호선,율리,4,금곡효요양병원
부산교통공사,2호선,율리,4,신금초등학교
부산교통공사,2호선,동원,2,동원역 버스정류장(화명역방면)
부산교통공사,2호선,금곡,1,금곡중앙요양원
부산교통공사,2호선,금곡,1,북부산농협(금곡지점)
부산교통공사,2호선,금곡,2,동원역방면
부산교통공사,2호선,금곡,5,공창종합사회복지관
부산교통공사,2호선,센텀시티(BEXCO.신세계),10,신세계센텀시티
부산교통공사,2호선,센텀시티(BEXCO.신세계),10,CGV센텀시티
부산교통공사,2호선,센텀시티(BEXCO.신세계),10,롯데백화점센텀시티점
부산교통공사,2호선,센텀시티(BEXCO.신세계),11,국민연금공단 동부산지사
부산교통공사,2호선,센텀시티(BEXCO.신세계),11,올림픽공원
부산교통공사,2호선,센텀시티(BEXCO.신세계),11,센텀프리미어호텔
부산교통공사,2호선,센텀시티(BEXCO.신세계),11,미용.성형.안과.신경정신과.정형외과
부산교통공사,2호선,금곡,6,북부소방소
부산교통공사,2호선,금곡,6,북구장애인종합복지관
부산교통공사,2호선,호포,2,호포역주차장
부산교통공사,2호선,호포,3,호포화훼단지
부산교통공사,2호선,호포,3,부모사랑주야간보호센터
부산교통공사,2호선,증산,1,메가박스(양산증산)
부산교통공사,2호선,증산,1,양산세무서
부산교통공사,2호선,증산,1,하나로마트(양산점)
부산교통공사,2호선,증산,1,하나은행(물금신도시)
부산교통공사,2호선,증산,1,증산파출소
부산교통공사,2호선,부산대양산캠퍼스,1,부산대양산캠퍼스역버스정류장
부산교통공사,2호선,부산대양산캠퍼스,3,양산부산대학교병원
부산교통공사,2호선,부산대양산캠퍼스,3,양산시립중앙도서관
부산교통공사,2호선,해운대,3,해운대해수욕장
부산교통공사,2호선,해운대,3,해운대곰장어골목
부산교통공사,2호선,해운대,4,해운대역사시민공원
부산교통공사,2호선,해운대,4,부산기계공업고등학교
부산교통공사,2호선,해운대,5,해운대해수욕장
부산교통공사,2호선,해운대,5,신라스테이해운대
부산교통공사,2호선,해운대,5,숙박업소
부산교통공사,2호선,해운대,7,역전치안센터
부산교통공사,2호선,해운대,7,우1동 행정복지센터
부산교통공사,2호선,동백,1,동백섬
부산교통공사,2호선,동백,1,가구쇼핑 선프라자
부산교통공사,2호선,동백,1,현대베네시티
부산교통공사,2호선,동백,1,대신증권 해운대지점
부산교통공사,2호선,동백,1,마리나컨벤션웨딩홀
부산교통공사,2호선,동백,2,기아오토큐우동점
부산교통공사,2호선,동백,2,부산기계공업고등학교
부산교통공사,2호선,동백,3,부산요트경기장
부산교통공사,2호선,동백,3,한국전력 남부산지점
부산교통공사,2호선,동백,3,해운대소방서
부산교통공사,2호선,동백,4,문화여자고등학교
부산교통공사,2호선,동백,4,부산국제외국어고등학교
부산교통공사,2호선,동백,4,해림초등학교
부산교통공사,2호선,센텀시티(BEXCO.신세계),1,벡스코
부산교통공사,2호선,센텀시티(BEXCO.신세계),1,시립미술관
부산교통공사,2호선,센텀시티(BEXCO.신세계),1,벡스코웨딩홀
부산교통공사,2호선,센텀시티(BEXCO.신세계),2,(재)부산문화재단
부산교통공사,2호선,센텀시티(BEXCO.신세계),2,신한은행센텀지점
부산교통공사,2호선,센텀시티(BEXCO.신세계),2,대신저축은행 센텀
부산교통공사,2호선,센텀시티(BEXCO.신세계),2,(재)부산문화재단
부산교통공사,2호선,센텀시티(BEXCO.신세계),2,홈플러스
부산교통공사,2호선,센텀시티(BEXCO.신세계),2,글로벌도시재단영어방송본부
부산교통공사,2호선,센텀시티(BEXCO.신세계),2,(재)부산디자인센터
부산교통공사,2호선,센텀시티(BEXCO.신세계),3,해운대센텀호텔
부산교통공사,2호선,센텀시티(BEXCO.신세계),4,(재)부산디자인진흥원
부산교통공사,2호선,센텀시티(BEXCO.신세계),4,부산정보산업진흥원
부산교통공사,2호선,센텀시티(BEXCO.신세계),4,글로벌도시재단영어방송본부
부산교통공사,2호선,센텀시티(BEXCO.신세계),5,국민연금공단 동부산지사
부산교통공사,2호선,센텀시티(BEXCO.신세계),6,롯데백화점 센텀시티점
부산교통공사,2호선,센텀시티(BEXCO.신세계),6,롯데시네마
부산교통공사,2호선,센텀시티(BEXCO.신세계),6,영화의전당
부산교통공사,2호선,센텀시티(BEXCO.신세계),6,KNN(부산방송)
부산교통공사,2호선,센텀시티(BEXCO.신세계),6,센텀사이언스파크
부산교통공사,2호선,센텀시티(BEXCO.신세계),7,해운대센텀호텔
부산교통공사,2호선,센텀시티(BEXCO.신세계),7,국민연금공단 동부산지사
부산교통공사,2호선,센텀시티(BEXCO.신세계),7,미용.성형.안과.신경정신과.정형외과
부산교통공사,2호선,덕포,1,부산은행(덕포지점)
부산교통공사,2호선,덕포,2,한국전력공사(북부산지사)
부산교통공사,2호선,모덕,1,북부산중고차매매단지
부산교통공사,2호선,모덕,1,북부운전면허시험장
부산교통공사,2호선,모덕,1,대성자동차운전전문학원
부산교통공사,2호선,모덕,1,덕포자동차운전학원
부산교통공사,2호선,모덕,2,고용노동부(북부고용노동지청)
부산교통공사,2호선,모덕,2,대덕여자고등학교
부산교통공사,2호선,모덕,2,르노코리아(자동차서비스)
부산교통공사,2호선,모덕,2,사상도서관
부산교통공사,2호선,모덕,3,부산시청소년종합지원센터
부산교통공사,2호선,모덕,3,산솔빛학교
부산교통공사,2호선,모덕,3,덕포2치안센터
부산교통공사,2호선,모덕,3,부산조리고등학교
부산교통공사,2호선,센텀시티(BEXCO.신세계),3,벡스코 제2전시장
부산교통공사,2호선,센텀시티(BEXCO.신세계),11,이빈후과.안과.피부과.비뇨기과.치과 병원 등
부산교통공사,2호선,센텀시티(BEXCO.신세계),7,이빈후과.안과.피부과.비뇨기과.치과 병원 등
부산교통공사,2호선,센텀시티(BEXCO.신세계),9,이빈후과.안과.피부과.비뇨기과.치과 병원 등
부산교통공사,2호선,민락,1,민락초등학교
부산교통공사,2호선,수영,1,수영사적공원
부산교통공사,2호선,수영,10,스타벅스수영역점
부산교통공사,2호선,수영,11,부산동부고용복지플러스센터
부산교통공사,2호선,수영,15,광안시티빌아파트
부산교통공사,2호선,수영,17,수영중앙새마을금고(광안지점)
부산교통공사,2호선,수영,2,브라운도트호텔 수영점
부산교통공사,2호선,해운대,4,기업은행해운대역
부산교통공사,2호선,해운대,7,해운대부민병원
부산교통공사,2호선,해운대,7,CGV해운대
부산교통공사,2호선,동백,1,두산위브더제니스아파트
부산교통공사,2호선,동백,3,우3동행정복지센터
부산교통공사,2호선,동백,3,해운대영화의 거리
부산교통공사,2호선,벡스코(시립미술관),1,동부올림픽타운아파트
부산교통공사,2호선,벡스코(시립미술관),2,해운대공업고등학교
부산교통공사,2호선,벡스코(시립미술관),2,부산국제외국어고등학교
부산교통공사,2호선,벡스코(시립미술관),2,센텀아동병원
부산교통공사,2호선,벡스코(시립미술관),2,부산성모안과병원
부산교통공사,2호선,벡스코(시립미술관),3,우동지구대
부산교통공사,2호선,벡스코(시립미술관),3,부산도시공사스포츠센터
부산교통공사,2호선,벡스코(시립미술관),3,중국 부산총영사관
부산교통공사,2호선,벡스코(시립미술관),3,해강 중/고등학교
부산교통공사,2호선,벡스코(시립미술관),3,수영만요트경기장
부산교통공사,2호선,벡스코(시립미술관),4,센텀 마티안/현대아파트
부산교통공사,2호선,벡스코(시립미술관),5,벡스코제2전시장
부산교통공사,2호선,벡스코(시립미술관),5,올림픽기념 국민생활관
부산교통공사,2호선,벡스코(시립미술관),5,부산시립미술관
부산교통공사,2호선,벡스코(시립미술관),6,우2동 종합시장
부산교통공사,2호선,벡스코(시립미술관),6,우2동행정복지센터
부산교통공사,2호선,벡스코(시립미술관),6,해운대새마을금고 우2동지점
부산교통공사,2호선,벡스코(시립미술관),7,올림픽교차로복합환승센터
부산교통공사,2호선,벡스코(시립미술관),7,올림픽기념 국민생활관
부산교통공사,2호선,벡스코(시립미술관),7,부산시립미술관
부산교통공사,2호선,벡스코(시립미술관),8,강동초등학교
부산교통공사,2호선,벡스코(시립미술관),8,국민건강보험공단해운대지사
부산교통공사,2호선,벡스코(시립미술관),8,(동해선)백스코역
부산교통공사,2호선,벡스코(시립미술관),9,벡스코전시장/웨딩홀
부산교통공사,2호선,벡스코(시립미술관),11,벡스코 제4/5주차장
부산교통공사,2호선,벡스코(시립미술관),11,컨벤션홀방향
부산교통공사,2호선,센텀시티(BEXCO.신세계),1,벡스코제3주차장
부산교통공사,2호선,센텀시티(BEXCO.신세계),2,센텀시티우체국
부산교통공사,2호선,센텀시티(BEXCO.신세계),2,센텀119안전센터
부산교통공사,2호선,대연(고려병원),1,스타벅스대연역점
부산교통공사,2호선,대연(고려병원),2,남부산농협(본점)
부산교통공사,2호선,대연(고려병원),3,부산은행대연동지점 
부산교통공사,2호선,대연(고려병원),5,대연1동.4동 행정복지센터
부산교통공사,2호선,대연(고려병원),6,국민은행(대연동지점)
부산교통공사,2호선,대연(고려병원),6,24시UN동물의료센터
부산교통공사,2호선,대연(고려병원),6,못골시장
부산교통공사,2호선,장산(해운대백병원),1,부산신곡우체국
부산교통공사,2호선,장산(해운대백병원),10,대하가족건강랜드
부산교통공사,2호선,장산(해운대백병원),10,해운대해양레포츠센터
부산교통공사,2호선,장산(해운대백병원),14,제일여성병원
부산교통공사,2호선,장산(해운대백병원),3,국민은행장산역
부산교통공사,2호선,장산(해운대백병원),3,장산새마을금고
부산교통공사,2호선,장산(해운대백병원),5,장산역 2번공영주차장
부산교통공사,2호선,장산(해운대백병원),5,KT플라자 해운대장산점
부산교통공사,2호선,장산(해운대백병원),6,해운대NC백화점
부산교통공사,2호선,장산(해운대백병원),7,신한은행장산역
부산교통공사,2호선,장산(해운대백병원),8,좌동재래시장
부산교통공사,2호선,중동,1,삼성해운대연수원
부산교통공사,2호선,중동,10,좌동119안전센터
부산교통공사,2호선,중동,10,부산양운우체국
부산교통공사,2호선,중동,12,장산회관
부산교통공사,2호선,중동,2,정다운요양원
부산교통공사,2호선,중동,2,중동역공영주차장
부산교통공사,2호선,중동,2,탑마트
부산교통공사,2호선,중동,3,해운대농협중동지점
부산교통공사,2호선,중동,4,탑마트
부산교통공사,2호선,중동,4,하모니타워 마브러스오피스텔
부산교통공사,2호선,중동,5,삼성해운대연수원
부산교통공사,2호선,중동,6,스타벅스해운대중동역점
부산교통공사,2호선,중동,6,해운대메트로하이츠아파트
부산교통공사,2호선,중동,7,이마트해운대점주차장
부산교통공사,2호선,중동,9,이마트 해운대점
부산교통공사,2호선,해운대,3,다이소부산해운대점
부산교통공사,2호선,수영,4,우리은행수영역지점
부산교통공사,2호선,수영,4,한국공공정자은행연구원
부산교통공사,2호선,수영,7,국민연금공단 남부산지사
부산교통공사,2호선,수영,8,센텀종합병원
부산교통공사,2호선,수영,8,로타리아파트
부산교통공사,2호선,수영,9,광안스윗팰리스아파트
부산교통공사,2호선,광안,1,부산은행광안지점
부산교통공사,2호선,광안,2,광안동우체국
부산교통공사,2호선,광안,2,수영구육아종합지원센터
부산교통공사,2호선,광안,3,광안리만남의광장
부산교통공사,2호선,광안,5,광안더힐요양병원
부산교통공사,2호선,금련산,1,광안더샵아파트
부산교통공사,2호선,금련산,4,좋은강안병원
부산교통공사,2호선,금련산,4,수영구청소년문화의집
부산교통공사,2호선,금련산,4,부산전통예술관
부산교통공사,2호선,금련산,5,신한은행광안리지점
부산교통공사,2호선,금련산,5,농협은행남천동지점
부산교통공사,2호선,금련산,6,삼성전자서비스광안센터
부산교통공사,2호선,남천(KBS.수영구청),1,남천2동 행정복지센터
부산교통공사,2호선,남천(KBS.수영구청),1,남천2치안센터
부산교통공사,2호선,남천(KBS.수영구청),2,천주교부산교구청
부산교통공사,2호선,남천(KBS.수영구청),3,수영구노인복지관
부산교통공사,2호선,남천(KBS.수영구청),4,그랜드자연요양병원
부산교통공사,2호선,경성대.부경대(동명대학교),3,TBN부산교통방송
부산교통공사,2호선,경성대.부경대(동명대학교),3,부경대우편취급국
부산교통공사,2호선,경성대.부경대(동명대학교),4,경성대학교
부산교통공사,2호선,경성대.부경대(동명대학교),4,우편취급국
부산교통공사,2호선,경성대.부경대(동명대학교),5,UN기념공원/평화공원
부산교통공사,3호선,대저,2,대저초등학교
부산교통공사,3호선,대저,2,강서구종합사회복지관
부산교통공사,3호선,남산정(부산폴리텍대학),1,북구보훈회관
부산교통공사,3호선,남산정(부산폴리텍대학),2,부산북구육아종합지원센터
부산교통공사,3호선,사직,2,여고초등학교
부산교통공사,3호선,사직,3,사직1동 행정복지센터
부산교통공사,3호선,사직,3,사직1동새마을금고
부산교통공사,3호선,사직,3,금강초등학교
부산교통공사,3호선,사직,3,사직시장
부산교통공사,3호선,사직,3,사직동교회
부산교통공사,3호선,사직,4,미남교차로방면
부산교통공사,3호선,미남,1,온천3동 행정복지센터
부산교통공사,3호선,미남,1,금강초등학교
부산교통공사,3호선,미남,2,종합운동장방면
부산교통공사,3호선,미남,3,온천3동우체국
부산교통공사,3호선,미남,4,미남초등학교
부산교통공사,3호선,미남,5,온천3파출소
부산교통공사,3호선,미남,5,미남교차로방면
부산교통공사,3호선,미남,6,미남교차로방면
부산교통공사,3호선,만덕,1,부산은행(만덕동)
부산교통공사,3호선,만덕,1,북구디지털도서관
부산교통공사,3호선,만덕,1,만덕2동 행정복지센터
부산교통공사,3호선,만덕,2,만덕터널방면
부산교통공사,3호선,만덕,3,신만덕방면
부산교통공사,3호선,만덕,3,백산초등학교
부산교통공사,3호선,만덕,3,대성타워맨션
부산교통공사,3호선,만덕,4,구만덕방면
부산교통공사,3호선,만덕,4,만덕1동 행정복지센터
부산교통공사,3호선,만덕,4,북부산새마을금고(만덕지점)
부산교통공사,3호선,만덕,4,만덕중학교
부산교통공사,3호선,남산정(부산폴리텍대학),1,만덕동우체국
부산교통공사,3호선,남산정(부산폴리텍대학),1,만덕3동 행정복지센터
부산교통공사,3호선,남산정(부산폴리텍대학),3,부산축산농협
부산교통공사,3호선,남산정(부산폴리텍대학),4,부산폴리텍대학
부산교통공사,3호선,남산정(부산폴리텍대학),4,환경관리공단낙동강유역본부
부산교통공사,3호선,남산정(부산폴리텍대학),4,남산정사회복지회관
부산교통공사,3호선,남산정(부산폴리텍대학),5,남산정요양병원
부산교통공사,3호선,남산정(부산폴리텍대학),5,덕양초등학교
부산교통공사,3호선,남산정(부산폴리텍대학),5,KT플라자(덕천점)
부산교통공사,3호선,숙등(부민병원),1,덕천1동 행정복지센터
부산교통공사,3호선,숙등(부민병원),1,덕천3동 행정복지센터
부산교통공사,3호선,숙등(부민병원),1,덕천동우편취급국
부산교통공사,3호선,배산,2,부산울산지방병무청방면
부산교통공사,3호선,배산,2,남일고등학교
부산교통공사,3호선,배산,2,망미중학교
부산교통공사,3호선,배산,3,현대정형외과의원
부산교통공사,3호선,배산,3,부산여자상업고등학교
부산교통공사,3호선,배산,4,배산프라임타원아파트
부산교통공사,3호선,배산,4,연미새시장
부산교통공사,3호선,배산,5,언산3동 행정복지센터
부산교통공사,3호선,배산,5,연미초등학교
부산교통공사,3호선,배산,5,연산제일교회
부산교통공사,3호선,배산,6,연산동우체국
부산교통공사,3호선,배산,6,연산요양병원
부산교통공사,3호선,배산,6,연미새시장
부산교통공사,3호선,배산,6,부산은행 연미지점
부산교통공사,3호선,물만골,1,연산시장
부산교통공사,3호선,물만골,1,24시연산동물의료센터
부산교통공사,3호선,물만골,1,연제구청방면
부산교통공사,3호선,물만골,2,동명초등학교
부산교통공사,3호선,물만골,3,연산초등학교
부산교통공사,3호선,물만골,4,연산6동 행정복지센터
부산교통공사,3호선,물만골,4,연제중학교
부산교통공사,3호선,종합운동장,1,거제동방면
부산교통공사,3호선,종합운동장,1,거제2동 행정복지센터
부산교통공사,3호선,종합운동장,2,부산고등법원/지방법원
부산교통공사,3호선,종합운동장,2,부산고등검찰청/지방검찰청
부산교통공사,3호선,종합운동장,3,거제2동 행정복지센터
부산교통공사,3호선,종합운동장,3,거제종합사회복지관
부산교통공사,3호선,종합운동장,4,부산교육대학교
부산교통공사,3호선,종합운동장,4,부산연제우체국
부산교통공사,3호선,종합운동장,4,부산지방우정청
부산교통공사,3호선,종합운동장,4,여명중학교
부산교통공사,3호선,종합운동장,4,남문초등학교
부산교통공사,3호선,종합운동장,5,레이카운티1.2단지아파트
부산교통공사,3호선,거제(법원.검찰청),8,부산은행(법조타운지점)
부산교통공사,3호선,미남,3,국민은행(미남점)
부산교통공사,3호선,숙등(부민병원),3,덕천시장
부산교통공사,3호선,숙등(부민병원),4,포레나덕천1차아파트
부산교통공사,3호선,숙등(부민병원),5,구포시장방면
부산교통공사,3호선,숙등(부민병원),5,덕천교회
부산교통공사,3호선,숙등(부민병원),5,국민건강보험공단(부산울산경남지역본부)
부산교통공사,3호선,숙등(부민병원),6,부민병원
부산교통공사,3호선,숙등(부민병원),6,덕천교차로방면
부산교통공사,3호선,숙등(부민병원),6,낙동고등학교
부산교통공사,3호선,숙등(부민병원),6,덕천중학교
부산교통공사,3호선,구포,1,덕천교차로방면
부산교통공사,3호선,구포,3,구포역(국철)
부산교통공사,3호선,구포,3,구포1치안센터
부산교통공사,3호선,구포,3,김해방면
부산교통공사,3호선,강서구청,1,구포방면
부산교통공사,3호선,강서구청,2,강서구청
부산교통공사,3호선,강서구청,2,대저파출소
부산교통공사,3호선,강서구청,2,부산강서고등학교
부산교통공사,3호선,강서구청,5,강서구청
부산교통공사,3호선,강서구청,5,대상초등학교
부산교통공사,3호선,강서구청,5,대저1동 행정복지센터
부산교통공사,3호선,강서구청,3,버스정류장(김해. 대저2동방면)
부산교통공사,3호선,체육공원,1,강서체육공원
부산교통공사,3호선,체육공원,2,한국비계기술원 부산지사
부산교통공사,3호선,체육공원,2,낙동중학교
부산교통공사,3호선,체육공원,3,대저동방면
부산교통공사,3호선,대저,1,김해방면
부산교통공사,3호선,대저,1,대저차량사업소
부산교통공사,3호선,대저,2,부산보호관찰소서부지소
부산교통공사,3호선,대저,2,부산우편집중국
부산교통공사,3호선,거제(법원.검찰청),5,효원국제특허법률사무소
부산교통공사,3호선,거제(법원.검찰청),5,부산연제시니어클럽
부산교통공사,3호선,거제(법원.검찰청),6,거제역(동해선)
부산교통공사,3호선,거제(법원.검찰청),6,부산지방법원 등기국
부산교통공사,3호선,거제(법원.검찰청),7,거제종합사회복지관
부산교통공사,3호선,거제(법원.검찰청),7,거제2동행정복지센터
부산교통공사,3호선,거제(법원.검찰청),8,부산지방법원/검찰청
부산교통공사,3호선,거제(법원.검찰청),8,부산법조타운
부산교통공사,3호선,거제(법원.검찰청),8,신한은행(법조타운)
부산교통공사,3호선,종합운동장,1,현대차블루핸즈(거제점)
부산교통공사,3호선,종합운동장,2,부산가정법원
부산교통공사,3호선,종합운동장,3,아시아드새마을금고
부산교통공사,3호선,종합운동장,4,아시아드장례식장
부산교통공사,3호선,사직,1,사직119안전센터
부산교통공사,3호선,사직,1,국민건강보험 부산동래지사
부산교통공사,3호선,사직,1,기업은행(사직동)
부산교통공사,3호선,사직,4,사직부산아동병원
부산교통공사,3호선,미남,2,동래구국민체육센터
부산교통공사,3호선,미남,2,사직성당
부산교통공사,3호선,미남,3,미남동의요양병원
부산교통공사,3호선,미남,3,온천3파출소
부산교통공사,3호선,미남,3,동래농협(미남지점)
부산교통공사,3호선,미남,4,온천동반도보라스카이뷰아파트
부산교통공사,3호선,미남,6,하운드호텔(사직미남역점)
부산교통공사,3호선,만덕,1,만덕삼성아파트
부산교통공사,3호선,만덕,2,만덕1어린이집
부산교통공사,3호선,종합운동장,5,거제2치안센터
부산교통공사,3호선,종합운동장,5,거제여자중학교
부산교통공사,3호선,종합운동장,7,거제여자중학교
부산교통공사,3호선,종합운동장,7,부산의료원방면
부산교통공사,3호선,종합운동장,7,레이카운티1.2단지아파트
부산교통공사,3호선,종합운동장,9,초읍동방면
부산교통공사,3호선,종합운동장,9,종합운동장방면
부산교통공사,3호선,종합운동장,9,국가기록원/역사기록관
부산교통공사,3호선,종합운동장,9,CGV아시아드
부산교통공사,3호선,종합운동장,9,부산실내수영장
부산교통공사,3호선,종합운동장,9,홈플러스(메가푸드마켓)
부산교통공사,3호선,종합운동장,9,사직야구장
부산교통공사,3호선,종합운동장,9,창신초등학교
부산교통공사,3호선,종합운동장,11,시립테니스코트
부산교통공사,3호선,종합운동장,11,세계로병원
부산교통공사,3호선,종합운동장,11,거인병원
부산교통공사,3호선,종합운동장,11,사직야구장
부산교통공사,3호선,종합운동장,11,창신초등학교
부산교통공사,3호선,사직,1,종합운동장방면
부산교통공사,3호선,사직,1,예원초등학교
부산교통공사,3호선,사직,2,사직3동 행정복지센터
부산교통공사,3호선,사직,2,사직동우체국
부산교통공사,3호선,사직,2,여명중학교
부산교통공사,3호선,망미(병무청),1,수영교차로방면
부산교통공사,3호선,망미(병무청),2,수영사직공원
부산교통공사,3호선,망미(병무청),2,건설시장
부산교통공사,3호선,망미(병무청),3,부산수영교차로
부산교통공사,3호선,망미(병무청),4,토곡방면
부산교통공사,3호선,망미(병무청),4,수영구선거관리위원회
부산교통공사,3호선,망미(병무청),5,수영교차로
부산교통공사,3호선,망미(병무청),6,토곡방면
부산교통공사,3호선,망미(병무청),7,덕문여자고등학교
부산교통공사,3호선,망미(병무청),7,광안중학교
부산교통공사,3호선,망미(병무청),7,수미초등학교
부산교통공사,3호선,망미(병무청),7,부산배화학교
부산교통공사,3호선,망미(병무청),8,부산울산지방병무청
부산교통공사,3호선,배산,1,부산여자상업고등학교
부산교통공사,3호선,배산,1,부산사회복지관
부산교통공사,3호선,남산정(부산폴리텍대학),2,광덕물산패션아울렛
부산교통공사,3호선,남산정(부산폴리텍대학),3,축산농협축산물판매장
부산교통공사,3호선,남산정(부산폴리텍대학),3,SY이노테크
부산교통공사,3호선,남산정(부산폴리텍대학),4,낙동강환경관리청
부산교통공사,3호선,남산정(부산폴리텍대학),4,부산시건설기술교육원
부산교통공사,3호선,숙등(부민병원),1,경희요양병원
부산교통공사,3호선,숙등(부민병원),1,덕천종합사회복지관
부산교통공사,3호선,숙등(부민병원),1,북구치매안심센터
부산교통공사,3호선,숙등(부민병원),2,덕천보건지소
부산교통공사,3호선,숙등(부민병원),2,포레나덕천2차아파트
부산교통공사,3호선,숙등(부민병원),3,북구시니어클럽
부산교통공사,3호선,숙등(부민병원),5,두배로마트(덕천점)
부산교통공사,3호선,숙등(부민병원),6,덕천생활체육공원
부산교통공사,3호선,덕천(부산과기대),9,화명방면
부산교통공사,3호선,덕천(부산과기대),9,덕천2동우체국
부산교통공사,3호선,덕천(부산과기대),9,국민건강보험공단(부산울산경남지역본부)
부산교통공사,3호선,덕천(부산과기대),12,구포119안전센터
부산교통공사,3호선,덕천(부산과기대),12,메가박스(덕천)
부산교통공사,3호선,덕천(부산과기대),12,덕천2동 행정복지센터
부산교통공사,3호선,덕천(부산과기대),12,덕성초등학교
부산교통공사,3호선,덕천(부산과기대),12,부산북구문화예술회관
부산교통공사,3호선,구포,1,구포역버스정류장
부산교통공사,3호선,구포,3,우리은행(구포지점)
부산교통공사,3호선,구포,3,구포일심요양병원
부산교통공사,3호선,강서구청,1,대저파출소
부산교통공사,3호선,강서구청,1,부산대저동우체국
부산교통공사,3호선,강서구청,1,한국안전기술지원단
부산교통공사,3호선,강서구청,2,농협은행(강서지점)
부산교통공사,3호선,체육공원,1,강서노인종합복지관
부산교통공사,3호선,체육공원,3,부산시양궁협회
부산교통공사,3호선,체육공원,3,강서체육공원
부산교통공사,3호선,체육공원,3,실내수영장
부산교통공사,3호선,대저,2,부산지방기상청
부산교통공사,3호선,대저,2,부산 청소년꿈키움센터
부산교통공사,3호선,대저,2,부산강서우체국 
부산교통공사,3호선,망미(병무청),1,안구시장
부산교통공사,3호선,망미(병무청),2,코스트코(부산점)
부산교통공사,3호선,망미(병무청),2,KT수영지사
부산교통공사,3호선,망미(병무청),3,소백산삼계탕
부산교통공사,3호선,망미(병무청),3,소문난갈비탕
부산교통공사,3호선,망미(병무청),4,수영효도요양원
부산교통공사,3호선,망미(병무청),5,케어링통합재가방문요양(영남지역본부)
부산교통공사,3호선,망미(병무청),6,이젤갤러리
부산교통공사,3호선,망미(병무청),7,망미119안전센터
부산교통공사,3호선,망미(병무청),8,망미1동행정복지센터
부산교통공사,3호선,배산,1,망미성당
부산교통공사,3호선,배산,5,연산3동새마을금고
부산교통공사,3호선,물만골,2,연제고등학교
부산교통공사,3호선,물만골,2,연산6동행정복지센터
부산교통공사,3호선,물만골,3,이마트(연제점)
부산교통공사,3호선,물만골,3,연제구청
부산교통공사,3호선,물만골,3,연제구보건소
부산교통공사,3호선,물만골,4,연제중앙새마을금고
부산교통공사,3호선,거제(법원.검찰청),1,연산5동 행정복지센터
부산교통공사,3호선,거제(법원.검찰청),1,독도청과도매시장
부산교통공사,3호선,거제(법원.검찰청),1,연화우편취급국
부산교통공사,3호선,거제(법원.검찰청),2,명은병원
부산교통공사,3호선,거제(법원.검찰청),2,연제자동차매매단지
부산교통공사,3호선,거제(법원.검찰청),2,대성학원(부산)
부산교통공사,3호선,거제(법원.검찰청),3,거제3동행정복지센터
부산교통공사,3호선,거제(법원.검찰청),3,경남아파트
부산교통공사,3호선,거제(법원.검찰청),3,현대아파트
부산교통공사,3호선,거제(법원.검찰청),4,거제1치안센터
부산교통공사,3호선,거제(법원.검찰청),4,벼룩시장
부산교통공사,4호선,윗반송,4,반송2동 행정복지센터
부산교통공사,4호선,윗반송,4,반송파출소
부산교통공사,4호선,윗반송,4,부산은행 반송운봉지점
부산교통공사,4호선,윗반송,4,운봉초등학교
부산교통공사,4호선,윗반송,4,동부산새마을금고
부산교통공사,4호선,고촌,1,반송방면
부산교통공사,4호선,고촌,2,운봉종합사회복지관
부산교통공사,4호선,고촌,4,안평방면
부산교통공사,4호선,안평(고촌주택단지),1,부산광역시산림조합
부산교통공사,4호선,미남,7,온천3파출소
부산교통공사,4호선,미남,8,미남초등학교
부산교통공사,4호선,미남,8,광혜병원
부산교통공사,4호선,미남,9,미남교차로방면
부산교통공사,4호선,미남,10,내성교차로방면
부산교통공사,4호선,미남,11,만덕터널방면
부산교통공사,4호선,미남,12,내성교차로방면
부산교통공사,4호선,미남,13,온천동방면
부산교통공사,4호선,미남,14,온천지구대
부산교통공사,4호선,동래,5,내산초등학교
부산교통공사,4호선,동래,5,한국건강관리협회 부산동부지부
부산교통공사,4호선,동래,6,사직지구대
부산교통공사,4호선,동래,6,미남초등학교
부산교통공사,4호선,동래,7,내산초등학교
부산교통공사,4호선,동래,7,롯데백화점 동래점
부산교통공사,4호선,동래,8,사직지구대
부산교통공사,4호선,동래,8,삼성전자서비스 동래센터
부산교통공사,4호선,동래,8,내성중학교
부산교통공사,4호선,수안,2,내성교차로방면
부산교통공사,4호선,수안,2,부산은행 수안동지점
부산교통공사,4호선,수안,3,명륜교차로방면
부산교통공사,4호선,수안,4,부산교육대학교방면
부산교통공사,4호선,수안,5,동래구청
부산교통공사,4호선,수안,5,동래구청신청사(24년12월개청)
부산교통공사,4호선,수안,6,동래경찰서
부산교통공사,4호선,수안,7,동래시장
부산교통공사,4호선,수안,7,수안동곰장어거리
부산교통공사,4호선,수안,8,안락교차로방면
부산교통공사,4호선,낙민,1,내성초등학교
부산교통공사,4호선,낙민,1,동래고등학교
부산교통공사,4호선,낙민,2,수안119안전센터
부산교통공사,4호선,금사,3,금샘고등학교
부산교통공사,4호선,금사,3,부산경호고등학교
부산교통공사,4호선,금사,3,부산금사공단우편취급국
부산교통공사,4호선,금사,4,금정구보훈회관
부산교통공사,4호선,안평(고촌주택단지),2,반송방면
부산교통공사,4호선,안평(고촌주택단지),3,고촌마을
부산교통공사,4호선,안평(고촌주택단지),3,신진초등학교
부산교통공사,4호선,안평(고촌주택단지),3,고불사
부산교통공사,4호선,안평(고촌주택단지),4,안평마을
부산교통공사,4호선,낙민,2,동래우리들병원
부산교통공사,4호선,낙민,2,하나은행 동래지점
부산교통공사,4호선,낙민,2,낙민초등학교
부산교통공사,4호선,낙민,3,충렬사
부산교통공사,4호선,낙민,3,버거킹 부산안락DT점
부산교통공사,4호선,낙민,4,동래역
부산교통공사,4호선,충렬사(안락),1,충렬사
부산교통공사,4호선,충렬사(안락),1,충렬지구대
부산교통공사,4호선,충렬사(안락),2,안락교차로방면
부산교통공사,4호선,충렬사(안락),2,동래봉생병원
부산교통공사,4호선,충렬사(안락),2,미래병원
부산교통공사,4호선,충렬사(안락),2,부산항운병원
부산교통공사,4호선,충렬사(안락),2,좋은애인요양병원
부산교통공사,4호선,충렬사(안락),3,학산여자 중/고등학교
부산교통공사,4호선,충렬사(안락),3,동현교회
부산교통공사,4호선,충렬사(안락),4,서원시장
부산교통공사,4호선,명장,1,동신중학교방면
부산교통공사,4호선,명장,2,안락초등학교
부산교통공사,4호선,명장,3,명장2동 행정복지센터
부산교통공사,4호선,명장,3,명장2동우편취급국
부산교통공사,4호선,명장,4,명장1동 행정복지센터
부산교통공사,4호선,명장,4,명장1치안센터
부산교통공사,4호선,명장,4,부산광역시 상수도사업본부 동래사업소
부산교통공사,4호선,명장,4,금정고등학교
부산교통공사,4호선,서동,1,서2치안센터
부산교통공사,4호선,서동,2,동성초등학교
부산교통공사,4호선,서동,3,서3동 행정복지센터
부산교통공사,4호선,서동,3,서동제일요양병원
부산교통공사,4호선,서동,3,서동우체국
부산교통공사,4호선,서동,4,부산동부고용노동지청
부산교통공사,4호선,금사,1,금사회동동행정복지센터
부산교통공사,4호선,금사,1,금사초등학교
부산교통공사,4호선,금사,1,부산지방노동위원회
부산교통공사,4호선,금사,2,금사동방면
부산교통공사,4호선,금사,3,석대사거리방면
부산교통공사,4호선,금사,4,서금지구대
부산교통공사,4호선,금사,4,석대사거리방면
부산교통공사,4호선,금사,4,금정구종합사회복지관
부산교통공사,4호선,반여농산물시장,1,반여농산물시장
부산교통공사,4호선,반여농산물시장,2,석대방면
부산교통공사,4호선,석대,1,반송방면
부산교통공사,4호선,석대,2,반여농산물시장 방면
부산교통공사,4호선,영산대(아랫반송),1,석대방면
부산교통공사,4호선,영산대(아랫반송),2,영산대학교해운대캠퍼스
부산교통공사,4호선,영산대(아랫반송),2,반송1동 행정복지센터
부산교통공사,4호선,영산대(아랫반송),2,부산광역시 시립반송도서관
부산교통공사,4호선,영산대(아랫반송),2,반송119안전센터
부산교통공사,4호선,영산대(아랫반송),2,반송우체국
부산교통공사,4호선,영산대(아랫반송),2,반송초등학교
부산교통공사,4호선,영산대(아랫반송),2,반송골목시장
부산교통공사,4호선,영산대(아랫반송),3,반송보건소
부산교통공사,4호선,영산대(아랫반송),3,운송초등학교
부산교통공사,4호선,윗반송,1,반송중학교
부산교통공사,4호선,윗반송,2,송운초등학교
부산교통공사,4호선,윗반송,3,반송중학교
부산교통공사,4호선,반여농산물시장,1,해운대우체국
부산교통공사,4호선,반여농산물시장,1,NH농협은행 반여센텀지점
부산교통공사,4호선,반여농산물시장,2,세양물류 물류센터
부산교통공사,4호선,석대,1,영산대역 방면
부산교통공사,4호선,석대,2,해운대배드민턴센터
부산교통공사,4호선,영산대(아랫반송),1,참조은재가복지센터
부산교통공사,4호선,영산대(아랫반송),3,해운대구건강증진센터
부산교통공사,4호선,윗반송,2,부산운봉우편취급국
부산교통공사,4호선,윗반송,2,반송시장
부산교통공사,4호선,고촌,1,대진여객 (시내버스차고지)
부산교통공사,4호선,고촌,2,반송주공아파트
부산교통공사,4호선,고촌,3,실로암공원묘원방면
부산교통공사,4호선,고촌,3,부산광역시고촌양묘장 
부산교통공사,4호선,고촌,4,동부산 간이정비소
부산교통공사,4호선,안평(고촌주택단지),1,고촌어울림도서관
부산교통공사,4호선,안평(고촌주택단지),2,안평역 전기차충전소
부산교통공사,4호선,안평(고촌주택단지),4,동부산농협 신진지점
부산교통공사,4호선,안평(고촌주택단지),4,안평마을회관
부산교통공사,4호선,미남,7,새힘병원
부산교통공사,4호선,미남,8,세화병원
부산교통공사,4호선,미남,9,동래효성해링턴플레이스아파트/오피스텔
부산교통공사,4호선,미남,10,광혜병원
부산교통공사,4호선,미남,10,으뜸요양병원
부산교통공사,4호선,미남,11,온샘초등학교
부산교통공사,4호선,미남,12,온천2동행정복지센터
부산교통공사,4호선,미남,12,금성상가시장
부산교통공사,4호선,미남,12,우리은행 온천남지점
부산교통공사,4호선,미남,13,동래래미안아이파크2단지
부산교통공사,4호선,미남,13,온샘초등학교
부산교통공사,4호선,미남,14,동래래미안아이파크3단지
부산교통공사,4호선,미남,14,동래노인복지원
부산교통공사,4호선,동래,5,동래시외버스정류소
부산교통공사,4호선,동래,6,대한민국교원조합
부산교통공사,4호선,동래,6,금정상가시장
부산교통공사,4호선,동래,6,새봄병원
부산교통공사,4호선,수안,2,하나은행 동래지점
부산교통공사,4호선,수안,2,한국기독교선교박물관
부산교통공사,4호선,수안,3,KT플라자 동래점
부산교통공사,4호선,수안,4,수안119안전센터
부산교통공사,4호선,수안,5,한국금거래소 동래점
부산교통공사,4호선,수안,6,국민연금공단 동래금정지사
부산교통공사,4호선,수안,7,동래농협
부산교통공사,4호선,수안,8,동일자동차운전전문학원
부산교통공사,4호선,수안,8,참사랑요양병원
부산교통공사,4호선,수안,1,메가마트
부산교통공사,4호선,수안,1,대동병원
부산교통공사,4호선,낙민,4,한신 1차.2차아파트
부산교통공사,4호선,낙민,4,부산사회복지종합센터
부산교통공사,4호선,충렬사(안락),4,부산동래시니어클럽
부산교통공사,4호선,명장,1,학산여자 중/고등학교
부산교통공사,4호선,명장,1,부산맹학교
부산교통공사,4호선,명장,2,한국요양보호사교육원
부산교통공사,4호선,명장,3,대명여자고등학교
부산교통공사,4호선,명장,3,서동119안전센터
부산교통공사,4호선,명장,4,명장1동새마을금고
부산교통공사,4호선,서동,1,세웅병원
부산교통공사,4호선,서동,1,파크랜드 본사 
부산교통공사,4호선,서동,2,부산경남봉제산업협동조합
부산교통공사,4호선,서동,2,현대아파트
부산교통공사,4호선,서동,3,금정구 건강생활지원센터 
부산교통공사,4호선,서동,4,다이소 부산서동역점
부산교통공사,4호선,금사,1,한국소방안전원 부산지부
부산교통공사,4호선,금사,2,부산금사요양병원
부산교통공사,4호선,금사,2,KT금사빌딩
