연번,쉼터명,주소,경도,위도
1,중앙동주민센터,부산광역시 중구 중앙대로41번길 10,129.0353323,35.1013111
2,동광동주민센터,부산광역시 중구 동광길 105,129.0352151,35.1074067
3,금수현의음악살롱,부산광역시 중구 망양로355번길 22,129.0294276,35.1076649
4,동광동원로의집,부산광역시 중구 샘길 12,129.0329123,35.1064496
5,중구종합사회복지관,부산광역시 중구 망양로 309,129.028015,35.105658
6,화목원로의집,부산광역시 중구 대청북길 14,129.0288314,35.1053265
7,대청동주민센터,부산광역시 중구 대청로99번길 14-1 ,129.0310791,35.1042359
8,보수대밭골원로의집,부산광역시 중구 고가길 32,129.0261734,35.1046002
9,죽화원로의집,부산광역시 중구 망양로 252,129.0246204,35.1084731
10,보수새마을원로의집,부산광역시 중구 망양로319번길 26,129.0269725,35.1065764
11,보수동행정주민센터,부산광역시 중구 보수대로140번길 61,129.024571,35.106146
12,중구노인복지관,부산광역시 중구 책방골목길 3-1 ,129.026165,35.104283
13,부평동주민센터,부산광역시 중구 중구로29번길 23,129.026565,35.100351
14,부평동원로의집,부산광역시 중구 중구로29번길 46,129.025387,35.100631
15,광복동주민센터,부산광역시 중구 광복로55번길 10,129.0304032,35.0999854
16,남포동주민센터,부산광역시 중구 자갈치로 68-1 ,129.0316692,35.0973586
17,영주1동주민센터,부산광역시 중구 대영로224번길 10,129.035029,35.111119
18,영주1동원로의집,부산광역시 중구 초량상로7번길 11,129.034131,35.113223
19,자유원로의집,부산광역시 중구 망양로 371-3 ,129.0302342,35.1097896
20,영주아파트원로의집,부산광역시 중구 망양로 396,129.0299714,35.1126859
21,산리마을회관,부산광역시 중구 영주로 21,129.0313759,35.109501
22,중구노인복지관분관,부산광역시 중구 영주로 8-1 ,129.032526,35.11016
23,영주2동원로의집,부산광역시 중구 영초길 103,129.0325892,35.1141823
24,영주2동주민센터,부산광역시 중구 동영로 71-2 ,129.031823,35.111592
25,중앙동 원로의집,부산광역시 중구 중앙대로115번길 1-6(809호),129.035849,35.107874
26,동광동할머니 원로의집,부산광역시 중구 동광길111번길 11,129.034999,35.107893
27,대청공원 원로의집,부산광역시 중구 망양로355번길 37,129.028862,35.106257
28,대청만우 원로의집,부산광역시 중구 중구로91번안길 15,129.029655,35.104898
29,대청행복 원로의집,부산광역시 중구 대청로99번길 18-3,129.030926,35.10438
30,대청망양 원로의집,부산광역시 중구 망양로335번길 6,129.029698,35.107899
31,보수보혜 원로의집,부산광역시 중구 보동길 17,129.026846,35.104823
32,구름다리 원로의집,부산광역시 중구 법수길 76,129.025369,35.107312
33,대림에이스 원로의집,부산광역시 중구 법수길 74,129.025379,35.106738
34,보수동 원로의집,부산광역시 중구 흑교로52번길 6(1층),129.025279,35.104225
35,보수부녀 원로의집,부산광역시 중구 흑교로52번길 6(2층),129.025279,35.104225
36,보수2가 원로의집,부산광역시 중구 보수대로124번길 21-7(2층),129.022814,35.106043
37,보수매화 원로의집,부산광역시 중구 보수대로124번길 21-7(1층),129.022813,35.106041
38,부평희망 원로의집,부산광역시 중구 흑교로25번길 25-1,129.022373,35.101889
39,대명 원로의집,부산광역시 중구 중구로 182-6(303호),129.034817,35.110855
40,우남이채롬 원로의집,부산광역시 중구 초량상로 13,129.035275,35.113659
41,영주충효 원로의집,부산광역시 중구 동영로73번길 3,129.031932,35.111811
42,영주금호타운 원로의집,부산광역시 중구 영주로 49,129.030204,35.111406
43,동아9블럭 원로의집,부산광역시 중구 영주로 73,129.030042,35.113879
44,동아11블럭 원로의집,부산광역시 중구 영주로 65,129.029829,35.112628
45,은하아파트 원로의집,부산광역시 중구 영주로 87(3공구아파트 2동 1층 106호),129.030912,35.114442
46,시민1호동 원로의집,부산광역시 중구 망양로 421,129.029705,35.114562
47,중구 일자리지원센터,"부산광역시 중구 중구로 97, 다누리복지회관 4층",129.031183,35.105564
48,부산청년센터,"부산 중구 자갈치해안로 52, 4층",129.031127,35.096731
49,오름라운지,부산 중구 중앙대로 17(지하상가),129.037024,35.099938
50,청년마루,부산광역시 중구 법수길 61 (1층),129.02493,35.10662
51,청년작당소,부산 중구 광복중앙로 13(BNK아트시네마 3층),129.030754,35.100515
52,동대신1동주민센터,부산광역시 서구 구덕로280번길 32,129.0202135,35.1096141
53,장수동일경로당,부산광역시 서구 망양로 224-3 ,129.0244997,35.1105905
54,동대신2동주민센터,부산광역시 서구 보동길275번길 9,129.0232337,35.112958
55,서부동대2부녀경로당,부산광역시 서구 보수대로210번길 2,129.0206963,35.1139102
56,구덕골경로당,부산광역시 서구 보수대로230번길 17,129.0194169,35.115514
57,동대신3동주민센터,부산광역시 서구 대영로73번길 92,129.017254,35.114461
58,서대신1동주민센터,부산광역시 서구 구덕로315번길 49,129.0143904,35.1110951
59,서대2경로당,부산광역시 서구 대티로 129-5 ,129.0094739,35.1107572
60,산월경로당,부산광역시 서구 해돋이로 381,129.012321,35.106489
61,한새마을1080공유센터,부산광역시 서구 대티로179번길 49-1 ,129.0130305,35.1136842
62,서대신3동주민센터,부산광역시 서구 대신로 27,129.0119362,35.1134758
63,서대신4동주민센터,부산광역시 서구 꽃마을로 58,129.0117672,35.1192263
64,꽃마을부녀경로당,부산광역시 서구 꽃마을로163번길 7,129.0068266,35.1273566
65,부민노인복지관,부산광역시 서구 부용로 30,129.0180919,35.1074594
66,부민동주민센터,부산광역시 서구 임시수도기념로 22-11 ,129.0184888,35.103819
67,송이경로당,부산광역시 서구 천마산로 416,129.0145621,35.0984054
68,천부경로당,부산광역시 서구 아미로 19-1 ,129.01195,35.098752
69,연탄은행더함센터작은도서관,부산광역시 서구 구덕로157번길 33,129.0181106,35.0987192
70,아미동주민센터,부산광역시 서구 해돋이로269번길 17,129.015412,35.100207
71,아미1경로당,부산광역시 서구 구덕로185번길 28,129.0182796,35.1013723
72,초장동주민쉼터2층,부산광역시 서구 초장로 37,129.0204898,35.0954735
73,초향경로당,부산광역시 서구 해돋이로 182,129.018454,35.0934281
74,초장동주민센터,부산광역시 서구 초장로27번길 32,129.020265,35.095971
75,서구청다목적홀,부산광역시 서구 구덕로 120,129.0235047,35.0971419
76,산해경로당,부산광역시 서구 천마로205번길 53,129.0218309,35.0958532
77,산해할머니경로당,부산광역시 서구 천마로205번길 53,129.0218416,35.0958356
78,충무경로당,부산광역시 서구 까치고개로 233-2 ,129.0213373,35.0998801
79,충무동주민센터,부산광역시 서구 구덕로148번길 16,129.021637,35.098074
80,남일경로당,부산광역시 서구 천마로 176,129.0228716,35.091262
81,천마경로당,부산광역시 서구 해돋이로 156,129.0199479,35.0916702
82,남부민1동주민센터,부산광역시 서구 충무대로255번길 5-26 ,129.0233034,35.0927522
83,샛디체력단련장,부산광역시 서구 해돋이로 59,129.019595,35.084686
84,부암경로당,부산광역시 서구 천해로34번길 1,129.015871,35.084388
85,상조경로당,부산광역시 서구 해돋이로 55,129.019324,35.08435
86,남부민2동주민센터,부산광역시 서구 천마로 87,129.020528,35.084485
87,서구노인복지관,부산광역시 서구 장군산로46번길 21,129.014312,35.073125
88,정림경로당,부산광역시 서구 감천로 271,129.0174401,35.0805512
89,사랑쉼표,부산광역시 서구 천마로 25,129.0203,35.0806
90,암남동주민센터,부산광역시 서구 충무대로 83,129.0207714,35.0798598
91,초량1동행정복지센터,부산광역시 동구 중앙대로179번길 33,129.0369639,35.1139519
92,초량2동행정복지센터,부산광역시 동구 중앙대로209번길 30,129.038482,35.1165014
93,이바구공작소,부산광역시 동구 망양로486번길 14-13 ,129.033836,35.117111
94,장기려박사더나눔,부산광역시 동구 영초윗길 48,129.032701,35.118499
95,초량3동행정복지센터,부산광역시 동구 초량상로 112,129.039858,35.1214004
96,이바구캠프도시민박촌(1층),부산광역시 동구 망양로533번길 30-8 ,129.0285954,35.1190464
97,초량6동행정복지센터(2층),부산광역시 동구 초량로 75,129.0344533,35.1200183
98,팔남매의단칸방,부산광역시 동구 망양로533번길 39,129.028573,35.118273
99,유치환의우체통(2층),부산광역시 동구 망양로580번길 2,129.033822,35.122087
100,동구노인복지관분관,부산광역시 동구 초량남로 12,129.0348449,35.1195839
101,수정1동행정복지센터,부산광역시 동구 홍곡로 71,129.042221,35.1253997
102,동구노인종합복지관,부산광역시 동구 홍곡중로5번길 24,129.0404078,35.1257771
103,수정2동행정복지센터,부산광역시 동구 수정중로11번길 23,129.042618,35.1299627
104,수정애마을,부산광역시 동구 망양로756번길 38,129.0418106,35.1304584
105,수정4동행정복지센터,부산광역시 동구 망양로685번길 2,129.0406787,35.1270889
106,수정5동행정복지센터,부산광역시 동구 망양로795번길 2,129.04237,35.133864
107,수정골마실,부산광역시 동구 수성로41번길 12,129.0437713,35.135723
108,동구어린이영어도서관,부산광역시 동구 수성로 21,129.0419582,35.134613
109,좌천동행정복지센터,부산광역시 동구 좌천남로 19,129.04916,35.131334
110,부산포개항문화관,부산광역시 동구 증산로 100,129.052932,35.135641
111,가마뫼나들목,부산광역시 동구 증산로 74,129.0513847,35.1337825
112,좌천생활문화센터,부산광역시 동구 증산서로 18-1 ,129.0486127,35.1361507
113,아리랑고개카페,부산광역시 동구 망양로 880-1 ,129.0483633,35.138989
114,이중섭전망대,부산광역시 동구 증산로 168,129.0526414,35.1405989
115,범일1동행정복지센터,부산광역시 동구 범상로 10-1 ,129.0491921,35.1412832
116,범일생활문화센터(1층),부산광역시 동구 범곡로 14,129.056031,35.139391
117,범일2동행정복지센터,부산광역시 동구 범일로 58,129.0598217,35.1351219
118,자성대노인복지관,부산광역시 동구 자성로140번길 32,129.0648293,35.1356352
119,범일5동행정복지센터,부산광역시 동구 성남로47번길 13,129.0537947,35.1305023
120,영도구노인복지관,부산광역시 영도구 절영로29번길 14,129.040115,35.091375
121,대평경로당,부산광역시 영도구 대평로27번길 8-8 ,129.034,35.0913
122,남항동행정복지센터,부산광역시 영도구 남항로9번길 1,129.037647,35.090018
123,영도교회,부산광역시 영도구 새천년길 156,129.045099,35.0890673
124,아이존빌@경로당,부산광역시 영도구 영선대로 98,129.043465,35.088346
125,영선1동행정복지센터,부산광역시 영도구 꿈나무길 25,129.0447704,35.0902459
126,영선반도보라경로당,부산광역시 영도구 해안산책길 30,129.040173,35.082042
127,이송도경로당,부산광역시 영도구 향토길 12,129.046045,35.078491
128,영선2동행정복지센터,부산광역시 영도구 영선대로 65,129.041343,35.087038
129,영로경로당,부산광역시 영도구 하나길 333,129.0453,35.0838
130,신선경로당,부산광역시 영도구 하나길 542,129.046762,35.087472
131,영도구종합사회복지관,부산광역시 영도구 산정길 138,129.047538,35.08124
132,신선동행정복지센터,부산광역시 영도구 하나길 317,129.045177,35.083407
133,봉래1동행정복지센터,부산광역시 영도구 대교로6번길 5,129.0443078,35.0934918
134,새마을경로당,부산광역시 영도구 봉래길 112,129.05177,35.09169
135,봉래2동행정복지센터,부산광역시 영도구 태종로 160 (수도빌딩),129.046119,35.093405
136,청송경로당,부산광역시 영도구 청학서로45번길 22,129.0557125,35.0953506
137,건곤경로당,부산광역시 영도구 태종로292번길 72,129.0556455,35.0959497
138,청학1동행정복지센터,부산광역시 영도구 청학서로 78,129.0583907,35.0969
139,롯데낙천대@경로당,부산광역시 영도구 청학남로 48,129.062684,35.08847
140,화신아파트경로당,부산광역시 영도구 태종로358번길 1,129.063617,35.0940075
141,학수경로당,부산광역시 영도구 청학동로 32-6 ,129.062713,35.090226
142,청학2동행정복지센터,부산광역시 영도구 태종로 394,129.0657547,35.0919226
143,한진로즈힐경로당,부산광역시 영도구 와치로 294,129.071717,35.073315
144,절영@경로당,부산광역시 영도구 와치로 231,129.067138,35.076719
145,와치종합사회복지관,부산광역시 영도구 함지로79번길 76,129.065509,35.076003
146,절영종합사회복지관,부산광역시 영도구 함지로 33-10 ,129.0617649,35.0722143
147,동삼1동행정복지센터,부산광역시 영도구 중리로 44-1 ,129.0684074,35.0749034
148,하리경로당,부산광역시 영도구 태종로773번길 9,129.081432,35.068038
149,동삼2동행정복지센터,부산광역시 영도구 동삼오션로 27,129.082894,35.0684451
150,동삼종합사회복지관,부산광역시 영도구 동삼북로 2,129.066788,35.083361
151,상리종합사회복지관,부산광역시 영도구 상리로 1,129.06855,35.085966
152,동삼3동행정복지센터,부산광역시 영도구 상리로 39,129.068675,35.084736
153,부전1동노인경로당,부산광역시 부산진구 부전로 130-10 ,129.0560129,35.1608542
154,부전1동할머니경로당,부산광역시 부산진구 부전로 130-10 ,129.0560183,35.160852
155,서부경로당,부산광역시 부산진구 새싹로 90-1 ,129.0535668,35.1650424
156,진산경로당,부산광역시 부산진구 범전로32번길 66,129.0642747,35.1665592
157,범양경로당,부산광역시 부산진구 경마장로5번길 30,129.0643895,35.1693268
158,범전할머니경로당,부산광역시 부산진구 범전로33번길 56-7 ,129.0582633,35.1645973
159,범전동아름다운경로당,부산광역시 부산진구 범양로 48,129.0633158,35.1691035
160,부전1동주민센터,부산광역시 부산진구 범전로5번길 13,129.0630071,35.163506
161,부전2동제2경로당,부산광역시 부산진구 신천대로 148,129.0517858,35.1551966
162,네오스포경로당,부산광역시 부산진구 신천대로 122,129.0540483,35.153627
163,부전2동제1경로당,부산광역시 부산진구 신천대로 94,129.0556401,35.1516702
164,세동한신경로당,부산광역시 부산진구 새싹로 183,129.0489385,35.1717837
165,연지경로당,부산광역시 부산진구 성지로8번길 12-1 ,129.0566888,35.171458
166,연지한신타워경로당,부산광역시 부산진구 성지로61번길 30,129.0527516,35.1762501
167,연지2차청구아파트경로당,부산광역시 부산진구 동평로291번길 30-17 ,129.0571406,35.1741138
168,연지자이1차아파트경로당,부산광역시 부산진구 동평로183번길 67,129.0483357,35.1696797
169,영선회경로당,부산광역시 부산진구 동평로183번길 50,129.0492709,35.1691106
170,연지자이2차아파트경로당,부산광역시 부산진구 초연로 11,129.0478096,35.1723073
171,연지동주민센터,부산광역시 부산진구 국악로 30,129.0528157,35.1727735
172,삼환아파트노인정,부산광역시 부산진구 성지곡로 67,129.0481819,35.1878155
173,선경성지곡아파트경로당,부산광역시 부산진구 새싹로 221,129.0475807,35.1758608
174,장수정경로당,부산광역시 부산진구 성지로122번길 34-2 ,129.0523517,35.1812667
175,초연경로당,부산광역시 부산진구 성지로51번길 53,129.0528716,35.1770087
176,초읍제일경로당,부산광역시 부산진구 성지로143번길 9,129.048913,35.1810841
177,초읍제일할머니경로당,부산광역시 부산진구 성지로143번길 9,129.048913,35.1810841
178,초읍한신아파트경로당,부산광역시 부산진구 월드컵대로 449,129.0521172,35.1833224
179,초읍노인정,부산광역시 부산진구 초읍천로43번길 14,129.0462162,35.1764675
180,원당골경로당,부산광역시 부산진구 성지로74번나길 49,129.0576253,35.1792168
181,대원칸타빌멤버스노인정,부산광역시 부산진구 거제대로 26,129.0681786,35.1710388
182,대림할머니경로당,부산광역시 부산진구 범양로79번길 40,129.0624272,35.1727586
183,성우경로당,부산광역시 부산진구 양성로59번길 14,129.0634561,35.1710866
184,양정현대1차노인정,부산광역시 부산진구 동평로 352,129.063065,35.17314
185,양지경로당,부산광역시 부산진구 양지로17번길 39,129.0710853,35.170376
186,익수경로당,부산광역시 부산진구 범양로79번길 40,129.0624272,35.1727586
187,정화경로당,부산광역시 부산진구 범양로117번길 24,129.0644293,35.1736365
188,한나경로당,부산광역시 부산진구 양지로17번길 76,129.0723894,35.1715972
189,화산경로당,부산광역시 부산진구 범양로 122-1 ,129.0658861,35.1739136
190,황령경로당,부산광역시 부산진구 양지로17번길 39,129.0710853,35.170376
191,양정현대2차할머니경로당,부산광역시 부산진구 거제대로 37,129.0655236,35.1719996
192,양정2동제일경로당,부산광역시 부산진구 양연로10번길 15-1 ,129.0783584,35.1742972
193,갤러리움노인정,부산광역시 부산진구 중앙대로969번길 11,129.0726991,35.1758843
194,양연경로당,부산광역시 부산진구 양연로16번길 26-1 ,129.077889,35.1740084
195,양정2동경로당,부산광역시 부산진구 중앙대로979번길 10-6 ,129.073833,35.177273
196,동백부인경로당,부산광역시 부산진구 서전로68번길 43-1 ,129.0675235,35.1559209
197,본동경로당,부산광역시 부산진구 서전로68번길 43-1 ,129.0674818,35.1558943
198,송죽부인경로당,부산광역시 부산진구 진남로 336,129.0719704,35.1554036
199,영생경로당,부산광역시 부산진구 전포대로186번길 21,129.0667515,35.1531658
200,영운경로당,부산광역시 부산진구 진남로362번길 30,129.0709953,35.1576531
201,일심경로당,부산광역시 부산진구 진남로 336,129.0719576,35.1554113
202,협성부녀경로당,부산광역시 부산진구 진남로356번길 51,129.0719569,35.1578091
203,청우경로당,부산광역시 부산진구 진남로 336,129.0719624,35.155425
204,전포종합사회복지관,부산광역시 부산진구 전포대로190번길 35,129.067666,35.1536555
205,전포부녀노인정,부산광역시 부산진구 황령대로90번길 36,129.0686758,35.1486259
206,근화경로당,부산광역시 부산진구 봉수로15번길 78,129.0713059,35.1536322
207,삼우경로당,부산광역시 부산진구 진남로 311-2 ,129.0721233,35.1529956
208,삼정경로당,부산광역시 부산진구 황령대로74번길 15,129.0675462,35.1490141
209,성북경로당,부산광역시 부산진구 서전로68번길 127-7 ,129.0676081,35.1519832
210,영우경로당,부산광역시 부산진구 봉수로 31,129.0710176,35.1514347
211,영하경로당,부산광역시 부산진구 봉수로15번길 78,129.0713059,35.1536322
212,한라비발디아파트경로당,부산광역시 부산진구 전포대로 156,129.0660737,35.1506613
213,칠우경로당,부산광역시 부산진구 전포대로162번길 31-1 ,129.0672487,35.1510167
214,황령경로당,부산광역시 부산진구 진남로291번길 39,129.0722337,35.1498928
215,황령부녀경로당,부산광역시 부산진구 진남로291번길 39,129.0722372,35.1498924
216,감로부녀경로당,부산광역시 부산진구 진남로425번길 5-8 ,129.0688272,35.1620294
217,보성경로당,부산광역시 부산진구 진남로376번길 9,129.0713099,35.1584624
218,부흥노인정,부산광역시 부산진구 진남로373번길 55-5 ,129.0686693,35.1592249
219,산림경로당,부산광역시 부산진구 진남로 404,129.0708344,35.161001
220,서면롯데캐슬스카이경로당,부산광역시 부산진구 전포대로275번길 20,129.0649479,35.1620315
221,성전경로당,부산광역시 부산진구 동성로112번길 117,129.067047,35.164975
222,양정메트로하이츠아파트경로당,부산광역시 부산진구 진남로 477,129.0691734,35.1671681
223,한신아파트노인정,부산광역시 부산진구 전포대로 294,129.0662378,35.1627992
224,화신거화아파트경로당,부산광역시 부산진구 진남로 388,129.0710569,35.1595625
225,부산진구노인복지관,부산광역시 부산진구 전포대로300번길 6,129.0658479,35.1640465
226,청산경로당,부산광역시 부산진구 진남로 398-1 ,129.070805,35.1603612
227,동원아파트경로당,부산광역시 부산진구 동평로181번길 29-17 ,129.0464836,35.1673522
228,메리움아파트노인정,부산광역시 부산진구 신천대로 246,129.0509551,35.1638085
229,백양정노인정,부산광역시 부산진구 신천대로 279,129.049659,35.166715
230,부암경로당,부산광역시 부산진구 가야대로747번다길 19,129.0519988,35.1591919
231,부암백양경로당,부산광역시 부산진구 동평로214번길 31,129.0520427,35.167611
232,부암새마을경로당,부산광역시 부산진구 동평로183번길 33,129.0490742,35.1684418
233,서면쌍용스윗닷홈스카이경로당,부산광역시 부산진구 시민공원로 11,129.0509295,35.1630952
234,성암아파트경로당,부산광역시 부산진구 시민공원로19번길 38,129.0517582,35.1651971
235,장미경로당,부산광역시 부산진구 신천대로216번길 28-1 ,129.0515016,35.1606384
236,타워베르빌경로당,부산광역시 부산진구 시민공원로19번길 65,129.0509034,35.1659433
237,쌍용스윗닷홈파크경로당,부산광역시 부산진구 신천대로220번길 31,129.0513298,35.1614231
238,부암본동경로당,부산광역시 부산진구 신천대로241번길 39,129.048558,35.1630526
239,서면동문굿모닝힐경로당,부산광역시 부산진구 신천대로220번길 65,129.0532182,35.1618314
240,복지할머니노인정,부산광역시 부산진구 동평로 136,129.0441602,35.1659352
241,부암한빛경로당,부산광역시 부산진구 동평로131번길 42,129.044961,35.1675997
242,일성인포아파트경로당,부산광역시 부산진구 신천대로 252,129.05067,35.1645052
243,서면동일파크스위트1차경로당,부산광역시 부산진구 동평로150번길 14,129.0447021,35.1655555
244,동부경로당,부산광역시 부산진구 당감로 97,129.0380184,35.1702846
245,동원부녀노인정,부산광역시 부산진구 당감로 100,129.0381738,35.1705307
246,백양산쌍용노인정,부산광역시 부산진구 백양산로 70,129.0317886,35.1754285
247,협성부녀노인정,부산광역시 부산진구 당감로 118,129.037088,35.172891
248,동평상가아파트경로당,부산광역시 부산진구 동평로95번길 16,129.040105,35.166413
249,당감1동경로당,부산광역시 부산진구 동평로 104-10 ,129.0410521,35.1653816
250,당감1동할머니경로당,부산광역시 부산진구 동평로 104-10 ,129.0410521,35.1653816
251,장수경로당,부산광역시 부산진구 백양대로52번길 13,129.0431584,35.1628949
252,광산할머니경로당,부산광역시 부산진구 당감동 629-37,129.0300384,35.1663383
253,국제백양노인정,부산광역시 부산진구 백양관문로 104,129.0284618,35.1684259
254,국제프라자아파트경로당,부산광역시 부산진구 백양관문로 101,129.0274701,35.1672535
255,당감동일스위트경로당,부산광역시 부산진구 백양관문로 115,129.025442,35.167989
256,당삼경로당,부산광역시 부산진구 백양대로136번길 99,129.0330385,35.1644612
257,당평노인정,부산광역시 부산진구 백양관문로 10,129.033066,35.1609863
258,동원타워노인회,부산광역시 부산진구 동평로 18,129.032439,35.164215
259,무궁화할아버지경로당,부산광역시 부산진구 당감로17번길 90,129.0348078,35.1631502
260,삼익경로당,부산광역시 부산진구 당감로 5,129.0397444,35.1622272
261,늘푸른경로당,부산광역시 부산진구 당감로50번길 22-7 ,129.0403578,35.166053
262,무궁화할머니경로당,부산광역시 부산진구 당감로17번길 90,129.0347786,35.1631662
263,광산노인정,부산광역시 부산진구 동평로27번가길 20,129.0309393,35.1646821
264,삼익학수정경로당,부산광역시 부산진구 당감로 17,129.0388334,35.1618936
265,당감행복한경로당,부산광역시 부산진구 백양대로78번길 22-10 ,129.041211,35.163055
266,당감종합사회복지관,부산광역시 부산진구 당감서로 16,129.0366063,35.1623172
267,제일경로당,부산광역시 부산진구 가야대로703번다길 12,129.0474619,35.1586235
268,신가야벽산블루밍경로당,부산광역시 부산진구 마철로 98,129.039964,35.1579257
269,넝쿨경로당,부산광역시 부산진구 신천대로197번길 27,129.0484889,35.1591378
270,중앙경로당,부산광역시 부산진구 마철로 65,129.041921,35.15741
271,중앙할머니경로당,부산광역시 부산진구 가야대로691번길 58,129.0447228,35.1575603
272,태화현대1차경로당,부산광역시 부산진구 가야대로 635-20 ,129.0422728,35.1569694
273,태화현대2차경로당,부산광역시 부산진구 가야대로 635-13 ,129.040214,35.156524
274,부산시민교회,부산광역시 부산진구 백양순환로 43,129.0325248,35.1688883
275,다복경로당,부산광역시 부산진구 당감서로 121-5 ,129.033574,35.1688642
276,다솜경로당,부산광역시 부산진구 당감서로 57-8 ,129.0364489,35.1654042
277,백양뜨란채경로당,부산광역시 부산진구 백양산로53번길 62,129.0267639,35.1723596
278,백양푸른채경로당,부산광역시 부산진구 백양산로53번길 62,129.0266563,35.1723713
279,동평경로당,부산광역시 부산진구 백양순환로18번길 53,129.035963,35.1661963
280,백산아파트경로당,부산광역시 부산진구 백양순환로 55,129.032816,35.169864
281,보국노인회,부산광역시 부산진구 동평로76번길 14,129.0377774,35.1646508
282,삼성맨션노인회,부산광역시 부산진구 당감서로 112,129.0339097,35.1697661
283,연수정노인회,부산광역시 부산진구 당감서로146번길 5,129.0320673,35.1705288
284,우국노인회,부산광역시 부산진구 백양산로 17,129.0334026,35.1711337
285,태우선파크노인정,부산광역시 부산진구 백양순환로35번길 43,129.0322086,35.1672101
286,당감주공1단지경로당,부산광역시 부산진구 백양산로53번길 125,129.0277772,35.1705666
287,가남경로당,부산광역시 부산진구 가야대로668번길 45,129.0447603,35.1541194
288,노장원경로당,부산광역시 부산진구 가야대로673번길 50,129.0431285,35.1567855
289,가산경로당,부산광역시 부산진구 가야대로572번가길 23,129.0333219,35.153225
290,우정경로당,부산광역시 부산진구 엄광로182번길 8,129.0346944,35.1474245
291,일심경로당,부산광역시 부산진구 가야대로572번길 44,129.0342194,35.1523863
292,가야1동주민센터,부산광역시 부산진구 가야대로572번길 22,129.0343071,35.1532418
293,양지경로당,부산광역시 부산진구 엄광로326번나길 3,129.0437366,35.1527244
294,가야반도보라빌노인정,부산광역시 부산진구 가야공원로 41,129.0315084,35.1504316
295,금정경로당,부산광역시 부산진구 엄광로69번길 16-8 ,129.0235469,35.1485433
296,무궁화경로당,부산광역시 부산진구 가야대로510번길 60,129.0282308,35.1503889
297,엄광경로당,부산광역시 부산진구 가야대로510번길 80-1 ,129.0280023,35.1497495
298,중앙경로당,부산광역시 부산진구 가야공원로40번길 6,129.0294348,35.1499182
299,진성아파트경로당,부산광역시 부산진구 엄광로 102-1 ,129.0270278,35.1485652
300,한일하나로경로당,부산광역시 부산진구 가야공원로38번길 81,129.0259658,35.1497342
301,벽산A경로당,부산광역시 부산진구 엄광로 68,129.0259747,35.1469488
302,벽산A할머니경로당,부산광역시 부산진구 엄광로 68,129.0259747,35.1469488
303,개금노인회,부산광역시 부산진구 가야대로424번길 54-5 ,129.0182455,35.1502682
304,개금부녀노인회,부산광역시 부산진구 가야대로424번길 54-5 ,129.0182366,35.1502706
305,개금복지회관할머니경로당,부산광역시 부산진구 냉정로 230-1 ,129.024948,35.1508335
306,복지경로당,부산광역시 부산진구 가야대로406번길 29,129.0171309,35.1503706
307,부녀복지경로당,부산광역시 부산진구 가야대로406번길 29,129.0171428,35.1503769
308,성원쌍떼뷰경로당,부산광역시 부산진구 개금온정로 5,129.0247066,35.153774
309,개금롯데캐슬아파트경로당,부산광역시 부산진구 개금온정로 10,129.0266511,35.1544878
310,명광교회,부산광역시 부산진구 엄광로12번길 62,129.0171558,35.1455185
311,고원경로당,부산광역시 부산진구 엄광로62번길 61,129.0221665,35.1453973
312,시영아파트경로당,부산광역시 부산진구 진사로61번길 29,129.0179945,35.146453
313,엄광할머니경로당,부산광역시 부산진구 복지로 96,129.0185864,35.144817
314,학산경로당,부산광역시 부산진구 복지로 101,129.0200672,35.1445164
315,학청경로당,부산광역시 부산진구 진사로68번길 16,129.015523,35.145119
316,개금현대I아파트경로당(여),부산광역시 부산진구 복지로 70,129.0193042,35.1479003
317,개금2동대동아파트경로당,부산광역시 부산진구 진사로89번길 73,129.0206389,35.1435022
318,새마을경로당,부산광역시 부산진구 복지로 116,129.0183323,35.1430832
319,학청할머니경로당,부산광역시 부산진구 진사로50번길 10,129.015638,35.146425
320,개금현대I아파트경로당(남),부산광역시 부산진구 복지로 70,129.0192989,35.1479836
321,개금2동주민센터,부산광역시 부산진구 복지로 93,129.019471,35.144932
322,개금사회복지관경로당,부산광역시 부산진구 백양관문로77번길 140,129.0236763,35.1632114
323,개금3동삼환아파트경로당,부산광역시 부산진구 백양대로208번길 133,129.0239354,35.1619923
324,개화경로당,부산광역시 부산진구 백양대로208번길 25,129.0262527,35.1594758
325,동원화인훼밀리할머니경로당,부산광역시 부산진구 백양관문로77번길 55,129.02862,35.163604
326,동원화인훼밀리할아버지경로당,부산광역시 부산진구 백양관문로77번길 55,129.02862,35.163604
327,반도보라여자경로당,부산광역시 부산진구 개금본동로 42,129.0218,35.159352
328,반도보라남자경로당,부산광역시 부산진구 개금본동로 40,129.0228247,35.1591125
329,백양경로당,부산광역시 부산진구 백양관문로 7,129.0292429,35.1598471
330,성도경로당,부산광역시 부산진구 개금본동로22번길 31,129.023445,35.160586
331,신개금LG할아버지경로당,부산광역시 부산진구 백양대로300번길 20,129.0195461,35.1559359
332,신개금LG아파트할머니경로당,부산광역시 부산진구 백양대로300번길 20,129.0195461,35.1559359
333,우드빌경로당,부산광역시 부산진구 백양관문로77번길 56,129.0264981,35.1632776
334,우드빌화목노인정,부산광역시 부산진구 백양관문로77번길 81,129.0260231,35.1627049
335,우성경로당,부산광역시 부산진구 백양대로208번길 38-25 ,129.028353,35.161292
336,일심경로당,부산광역시 부산진구 개금본동로23번길 55,129.0220584,35.1575934
337,일진경로당,부산광역시 부산진구 백양대로313번길 12,129.0173958,35.1536339
338,한진경로당,부산광역시 부산진구 백양대로208번길 88,129.025889,35.161612
339,현대청풍경로당,부산광역시 부산진구 개금본동로 34,129.022429,35.1601525
340,개금종합사회복지관,부산광역시 부산진구 백양관문로77번길 140,129.0249851,35.1641083
341,개금주공2단지주민사랑방,부산광역시 부산진구 백양관문로 7,129.0295775,35.1596451
342,대원아파트경로당,부산광역시 부산진구 황령대로18번길 43,129.061925,35.146325
343,범천경로당,부산광역시 부산진구 범일로131번길 32,129.0587702,35.1426716
344,안락경로당,부산광역시 부산진구 범일로142번길 47-11 ,129.0619086,35.1430247
345,두산위브센티움경로당,부산광역시 부산진구 자유평화로37번길 67,129.0625092,35.1442771
346,신천경로당,부산광역시 부산진구 신천대로65번길 99,129.0579225,35.1457246
347,안창마을커뮤니티센터,부산광역시 부산진구 안창로72번길 18-10 ,129.040919,35.1464012
348,솔내음경로당,부산광역시 부산진구 안창로22번길 12,129.0467191,35.1459615
349,안양경로당,부산광역시 부산진구 만리산로74번길 3,129.0519609,35.1474141
350,천일경로당,부산광역시 부산진구 엄광로 517-4 ,129.0483118,35.1443448
351,범팔경로당,부산광역시 부산진구 신암로39번길 31,129.0544826,35.1449825
352,호산경로당,부산광역시 부산진구 엄광로495번가길 5,129.0515459,35.1436108
353,금골경로당,부산광역시 부산진구 만리산로73번길 34,129.0515864,35.145909
354,범천부인경로당,부산광역시 부산진구 신암로155번나길 6-2 ,129.0481164,35.1531924
355,선인경로당,부산광역시 부산진구 만리산로79번길 14,129.0507695,35.1471473
356,할머니경로당,부산광역시 부산진구 신암로99번길 37,129.0505852,35.1493573
357,로얄아파트경로당,부산광역시 부산진구 엄광로 392,129.0474004,35.1512009
358,선록경로당,부산광역시 부산진구 엄광로326번가길 21,129.0440127,35.1519773
359,부산진구노인복지관신암분관,부산광역시 부산진구 신암로135번길 32,129.0483472,35.1517689
360,행복주택경로당,부산광역시 동래구 반송로 164,129.0944313,35.1959433
361,낙민경로당,부산광역시 동래구 반송로175번길 13,129.0944232,35.1972867
362,동산경로당,부산광역시 동래구 반송로175번길 13,129.0944232,35.1972867
363,한양복지경로당,부산광역시 동래구 충렬대로 314,129.093033,35.198807
364,수안할머니경로당,부산광역시 동래구 온천천로 279-13 ,129.085,35.1961
365,수안할아버지경로당,부산광역시 동래구 온천천로 279-13 ,129.085,35.1961
366,벽산아파트경로당,부산광역시 동래구 안남로 47,129.0971912,35.1952922
367,수민동행정복지센터,부산광역시 동래구 온천천로339번길 48,129.0910493,35.1960329
368,동래구청,부산광역시 동래구 충렬대로237번길 93,129.0836906,35.2050317
369,동래경로당,부산광역시 동래구 동래로148번길 5,129.086497,35.2043264
370,복산경로당,부산광역시 동래구 동래로159번길 119-2 ,129.0931669,35.2069318
371,우성베스토피아경로당,부산광역시 동래구 복천로5번길 34,129.0872382,35.2058311
372,읍성경로당,부산광역시 동래구 복천로41번나길 14-15 ,129.0900384,35.2079924
373,복산동행정복지센터,부산광역시 동래구 복천로 1,129.0860939,35.2057966
374,동래센트럴파크하이츠1단지경로,부산광역시 동래구 문화로 15,129.0841573,35.2107933
375,동래센트럴파크하이츠2단지경로,부산광역시 동래구 문화로 33,129.0857077,35.2110541
376,명륜아이파크경로당,부산광역시 동래구 명륜로 170,129.0840688,35.2089415
377,명신할아버지경로당,부산광역시 동래구 명륜로138번길 39,129.0840983,35.2070326
378,명신할머니경로당,부산광역시 동래구 명륜로138번길 39,129.084101,35.2070326
379,명륜동주민센터,부산광역시 동래구 명륜로207번길 26,129.0815771,35.2124566
380,동래구보건소,부산광역시 동래구 명륜로187번길 56,129.0798444,35.2113915
381,동래구노인복지관,부산광역시 동래구 명륜로207번길 18,129.0819445,35.2123777
382,마암경로당,부산광역시 동래구 금강로59번길 105,129.0720016,35.2157853
383,온천1동경로당,부산광역시 동래구 차밭골로41번길 15-3 ,129.0770951,35.2167122
384,온천1동행정복지센터,부산광역시 동래구 금강로 127,129.0801676,35.2200457
385,성완경로당,부산광역시 동래구 금강로 160-1 ,129.081773,35.222643
386,신화타워경로당,부산광역시 동래구 온천장로 20,129.0794635,35.2142864
387,온천2동행정복지센터,부산광역시 동래구 충렬대로107번길 28,129.0729564,35.2079903
388,온천3동행정복지센터,부산광역시 동래구 사직북로28번길 153,129.0655589,35.2034318
389,금정할머니경로당,부산광역시 동래구 쇠미로 146,129.0615249,35.2037189
390,금정할아버지경로당,부산광역시 동래구 쇠미로 146,129.0615302,35.2037102
391,사직1동할아버지경로당,부산광역시 동래구 석사로18번길 27-7 ,129.062925,35.1981059
392,사직1동할머니경로당,부산광역시 동래구 석사로18번길 27-7 ,129.0629196,35.198095
393,석사할아버지경로당,부산광역시 동래구 사직북로48번길 36-3 ,129.0606451,35.2005936
394,석사할머니경로당,부산광역시 동래구 사직북로48번길 36-3 ,129.0606532,35.2006045
395,사직1동행정복지센터,부산광역시 동래구 석사로 19,129.061954,35.1989519
396,사직한신경로당,부산광역시 동래구 쇠미로81번길 33,129.0531215,35.2014133
397,사직2차쌍용예가경로당,부산광역시 동래구 쇠미로40번길 55,129.0542614,35.1986495
398,사직삼환나우빌경로당,부산광역시 동래구 쇠미로 72,129.0553263,35.1996402
399,유원경로당,부산광역시 동래구 쇠미로119번길 85,129.055557,35.2040499
400,사직2동행정복지센터,부산광역시 동래구 사직북로63번길 22,129.0575,35.1992
401,여고할아버지경로당,부산광역시 동래구 아시아드대로184번길 57,129.0672138,35.1991492
402,여고할머니경로당,부산광역시 동래구 아시아드대로184번길 57,129.0672058,35.199147
403,여명할아버지경로당,부산광역시 동래구 여고로91번길 31-3 ,129.0725595,35.1984478
404,여명할머니경로당,부산광역시 동래구 여고로91번길 31-3 ,129.0725675,35.1984413
405,사직3동행정복지센터,부산광역시 동래구 아시아드대로154번길 79,129.0694588,35.1994539
406,동원경로당,부산광역시 동래구 여고북로 140,129.0728813,35.2011437
407,사직3동할아버지경로당,부산광역시 동래구 중앙대로1277번길 73-4 ,129.07387,35.2002055
408,사직3동할머니경로당,부산광역시 동래구 중앙대로1277번길 73-4 ,129.07387,35.2002055
409,기찻길옆숲속도서관,부산광역시 동래구 안락동 756-2,129.0981987,35.1960719
410,안락1동행정복지센터,부산광역시 동래구 안연로110번길 9,129.0985608,35.197056
411,서원경로당,부산광역시 동래구 반송로229번길 10,129.098255,35.2014966
412,안락할아버지경로당,부산광역시 동래구 명안로39번길 38,129.1026136,35.2005256
413,안락할머니경로당,부산광역시 동래구 명안로39번길 38,129.1026163,35.2005212
414,안락경로당,부산광역시 동래구 안남로 85,129.1014308,35.1937551
415,용산할머니경로당,부산광역시 동래구 충렬대로309번길 20,129.093482,35.200152
416,강변뜨란채아파트경로당,부산광역시 동래구 안남로 79,129.1008192,35.195068
417,안나경로당,부산광역시 동래구 명안로9번길 36,129.1022623,35.1977026
418,안락2동행정복지센터,부산광역시 동래구 명안로18번길 103,129.1100541,35.1977158
419,화현할아버지경로당,부산광역시 동래구 화현길 21-9 ,129.1079459,35.1966527
420,화현할머니경로당,부산광역시 동래구 화현길 21-9 ,129.1079459,35.1966396
421,원리할아버지경로당,부산광역시 동래구 온천천로 549,129.1128784,35.1899586
422,원리할머니경로당,부산광역시 동래구 온천천로 549,129.1128892,35.1899498
423,안락호현할머니경로당,부산광역시 동래구 명안로10번길 101-5 ,129.109808,35.197306
424,명장1동행정복지센터,부산광역시 동래구 명장로 32,129.1042712,35.2047415
425,명장할아버지경로당,부산광역시 동래구 명장로48번길 28,129.1060066,35.2035787
426,명장할머니경로당,부산광역시 동래구 명장로48번길 28,129.1060013,35.2035787
427,옥봉경로당,부산광역시 동래구 명장로63번길 124-16 ,129.1050987,35.2096684
428,명장2동행정복지센터,부산광역시 동래구 명서로 168,129.1024178,35.2079597
429,세실할머니경로당,부산광역시 동래구 시실로135번길 41-5 ,129.0980861,35.2104711
430,명장2동할아버지경로당,부산광역시 동래구 명서로105번길 74,129.10164,35.2110738
431,명장2동할머니경로당,부산광역시 동래구 명서로105번길 74,129.1016373,35.2110672
432,아림파크경로당,부산광역시 동래구 명서로 140,129.10187,35.21
433,솔밭노인정,부산광역시 남구 유엔평화로22번길 32,129.0902138,35.1328626
434,대연1동경로당,부산광역시 남구 유엔로 181,129.0960449,35.1303114
435,대남경로당,부산광역시 남구 유엔평화로22번길 32,129.0902191,35.1328736
436,대평경로당,부산광역시 남구 유엔평화로17번길 98-1 ,129.0974611,35.1333803
437,용주새마을금고본점,부산광역시 남구 수영로266번길 31,129.097045,35.1348675
438,대연1동행정복지센터,부산광역시 남구 유엔평화로 24,129.0918016,35.1329285
439,용소경로당,부산광역시 남구 용소로40번길 22,129.0997598,35.133887
440,대우그린1차A경로당,부산광역시 남구 황령대로319번가길 190-6 ,129.088829,35.150114
441,대우그린2차A경로당,부산광역시 남구 황령대로319번가길 189,129.0897,35.1509
442,대연삼성경로당,부산광역시 남구 신선로 490,129.1038179,35.128166
443,경동A경로당,부산광역시 남구 황령대로319번길 26,129.0918124,35.1503719
444,용소제2경로당,부산광역시 남구 용소로40번길 22,129.0997624,35.1338826
445,대삼경로당,부산광역시 남구 용소로34번길 33-5 ,129.0991992,35.1340252
446,대연새마을금고본점,부산광역시 남구 유엔로120번길 26,129.0905414,35.1296331
447,파크푸르지오경로당,부산광역시 남구 홍곡로 360,129.0898865,35.1238992
448,대연4동작은도서관,부산광역시 남구 석포로91번길 96,129.0913859,35.1297762
449,석포(여)경로당,부산광역시 남구 석포로91번길 59,129.090305,35.1284073
450,현대A경로당,부산광역시 남구 천제등로28번길 50,129.0862441,35.1317022
451,석포경로당(남),부산광역시 남구 석포로91번길 59,129.090305,35.1284117
452,나눔경로당,부산광역시 남구 유엔로120번가길 82,129.0858659,35.1281222
453,대우A경로당,부산광역시 남구 홍곡로 343,129.0890068,35.1228835
454,대명경로당,부산광역시 남구 천제등로38번길 68,129.0862253,35.1308467
455,평화경로당,부산광역시 남구 유엔평화로70번길 39-1 ,129.0921836,35.1272083
456,문화경로당,부산광역시 남구 유엔평화로76번길 84,129.0937865,35.1256367
457,미소경로당,부산광역시 남구 석포로73번길 76,129.0873438,35.127543
458,대연극동A경로당,부산광역시 남구 진남로36번길 50,129.0915415,35.1400221
459,지곡(여)경로당,부산광역시 남구 진남로 47,129.0899456,35.1380041
460,남구노인복지관,부산광역시 남구 못골로 97-10 ,129.0932876,35.1361858
461,못골경로당,부산광역시 남구 못골번영로71번길 6-4 ,129.0885723,35.1415421
462,동남아파트경로당,부산광역시 남구 진남로36번길 101,129.0919358,35.1415903
463,대연중앙새마을금고본점,부산광역시 남구 못골로 77,129.0908334,35.1361836
464,대연동원로얄듀크경로당,부산광역시 남구 못골로41번길 13,129.0859303,35.137039
465,마중경로당,부산광역시 남구 진남로127번길 76-8 ,129.077349,35.138311
466,대연화목경로당,부산광역시 남구 진남로96번길 63,129.0835351,35.1402787
467,대연6동새마을금고본점,부산광역시 남구 못골로 22-1 ,129.0847582,35.135497
468,남구청무더위쉼터,부산광역시 남구 못골로 19,129.0847896,35.1363853
469,대연6동행정복지센터,부산광역시 남구 못골로 13,129.0831301,35.1373022
470,신선정경로당,부산광역시 남구 분포로 111,129.1126907,35.1278063
471,LG메트로시티2차A경로당,부산광역시 남구 분포로 113,129.1097161,35.1281726
472,이기대경로당,부산광역시 남구 용호로 98-10 ,129.1121006,35.1237632
473,용호동일경로당,부산광역시 남구 동명로170번길 93,129.115735,35.1142042
474,용친경로당,부산광역시 남구 동명로170번길 128,129.1143644,35.1131467
475,오륙도뜨란채A경로당,부산광역시 남구 용호로269번길 29,129.1136509,35.1093398
476,오륙도경로당,부산광역시 남구 동명로164번길 74,129.1136912,35.1157971
477,용호노인사랑방경로당,부산광역시 남구 이기대공원로 7,129.1135007,35.1245486
478,용호새마을금고본점,부산광역시 남구 동명로146번길 6,129.112585,35.1191648
479,동방파크맨션경로당,부산광역시 남구 용호로198번길 39,129.1086191,35.1149019
480,미주아파트경로당,부산광역시 남구 동명로92번길 91,129.1083643,35.1164048
481,한진훼미리타운경로당,부산광역시 남구 용호로232번길 61,129.1085467,35.1131423
482,삼호경로당,부산광역시 남구 용호로232번길 37,129.1090697,35.1118763
483,남구시설관리공단,부산광역시 남구 백운포로 110,129.1082,35.103882
484,석산정경로당,부산광역시 남구 신선로329번길 94-9 ,129.0929362,35.1126069
485,갓골경로당,부산광역시 남구 신선로 405,129.0979519,35.1214531
486,중부녀경로당,부산광역시 남구 신선로329번길 88-6 ,129.0932,35.1132
487,코오롱하늘채A경로당,부산광역시 남구 홍곡로320번길 132,129.0932196,35.1228138
488,용당(여)경로당,부산광역시 남구 신선로319번길 6,129.0949237,35.1144214
489,미연경로당,부산광역시 남구 홍곡로320번길 141,129.0946555,35.1243116
490,현대아이파크A경로당,부산광역시 남구 동명로 26,129.0991133,35.1189301
491,용당동새마을금고본점,부산광역시 남구 신선로 329,129.094803,35.1154815
492,현대1차A경로당,부산광역시 남구 우암로2번길 5,129.0831649,35.1116678
493,현대3차A경로당,부산광역시 남구 우암로2번길 30,129.0844524,35.1122668
494,감만동일스위트경로당,부산광역시 남구 우암로104번길 29,129.083232,35.1191122
495,현대2차A경로당,부산광역시 남구 신선로 165,129.0821403,35.111466
496,남부산새마을금고본점,부산광역시 남구 우암로104번길 29,129.0822852,35.1188796
497,감만종합사회복지관어르신쉼터,부산광역시 남구 우암로 84-1 ,129.0809172,35.1185242
498,노령경로당,부산광역시 남구 석포로20번길 13,129.0835592,35.121837
499,감만한마음경로당,부산광역시 남구 석포로64번길 29-7 ,129.0880038,35.1226304
500,참좋은회관경로당,부산광역시 남구 전선등로 63,129.0872969,35.124499
501,월우경로당,부산광역시 남구 석포로56번길 49,129.086906,35.121748
502,동친경로당,부산광역시 남구 석포로26번길 62-2 ,129.085748,35.120497
503,양지경로당,부산광역시 남구 전선등로3번길 61,129.0847877,35.1237061
504,감만동새마을금고본점,부산광역시 남구 석포로 29,129.084139,35.1228391
505,소막마을우리동네빨래방,부산광역시 남구 장고개로9번길 25,129.0695527,35.1261654
506,소막마을주민공동체센터무더위쉼터,부산광역시 남구 우암번영로 19,129.0699502,35.1260856
507,우암동일경로당,부산광역시 남구 유엔로 1-1 ,129.0786611,35.1252567
508,한일경로당,부산광역시 남구 우암로154번길 36-13 ,129.0815605,35.1251599
509,우정경로당,부산광역시 남구 당산로18번길 22,129.0778434,35.1262816
510,참좋은수양경로당,부산광역시 남구 유엔로84번길 61,129.0837362,35.1267994
511,우암동새마을금고본점,부산광역시 남구 유엔로 1-1 ,129.078557,35.125108
512,남부중앙새마을금고본점,부산광역시 남구 우암로 240,129.0706177,35.1253992
513,다목경로당,부산광역시 남구 진남로216번길 22-6 ,129.0770774,35.1450012
514,푸른경로당,부산광역시 남구 진남로165번가길 10,129.078132,35.141429
515,믿음경로당,부산광역시 남구 진남로210번길 51,129.079096,35.1453869
516,문현새마을금고본점,부산광역시 남구 고동골로 64,129.071403,35.142716
517,사랑의경로당(여),부산광역시 남구 자유평화로57번길 17-1 ,129.0655455,35.1420772
518,동민의집경로당,부산광역시 남구 자유평화로57번길 17-1 ,129.0655482,35.1420728
519,일상경로당,부산광역시 남구 전포대로68번가길 17,129.0677771,35.1432835
520,금융단지새마을금고본점,부산광역시 남구 전포대로 88,129.067153,35.1444416
521,문현2동행정복지센터,부산광역시 남구 전포대로92번길 31-7 ,129.0686521,35.145211
522,송정경로당,부산광역시 남구 문현로66번길 136-1 ,129.0735569,35.1382199
523,성지경로당,부산광역시 남구 수영로65번길 22,129.0753758,35.1359072
524,푸른솔경로당,부산광역시 남구 수영로69번길 63,129.0771649,35.1363558
525,문현3동새마을금고본점,부산광역시 남구 수영로39번길 6,129.0724367,35.1372268
526,벽산기린A경로당,부산광역시 남구 지게골로 52-15 ,129.070615,35.135057
527,시티프라자경로당,부산광역시 남구 수영로 26,129.07058,35.1362954
528,지겟골경로당,부산광역시 남구 지게골로 139-33 ,129.0760517,35.1342248
529,문현4동경로당,부산광역시 남구 장고개로 79,129.0698799,35.1322287
530,문현4동할머니경로당,부산광역시 남구 장고개로 79,129.069896,35.132176
531,문현4동새마을금고본점,부산광역시 남구 수영로 18-8 ,129.0696198,35.1362055
532,우암도서관,부산광역시 남구 당산로 22,129.0778778,35.12548338
533,분포도서관,부산광역시 남구 분포로 97,129.1152199,35.13205489
534,청년창조발전소 고고씽JOB,부산광역시 남구 용소로46번길 7,129.100505,35.13306592
535,동네 청년공간 공간숲 2층,부산광역시 남구 용소로14번길 10,129.1000832,35.13608976
536,남구종합사회복지관(북카페),부산광역시 남구 동제당로 258,129.0749074,35.12717198
537,남구장애인복지관,부산광역시 남구 조각공원로11번길 38,129.0992147,35.12923682
538,나사함발달장애인복지관,부산광역시 남구 못골번영로 70,129.0890636,35.14133283
539,"남구도서관(휴관, 26년부터 운영)",부산광역시 남구 수영로267번길 61,129.0946367,35.1378287
540,구포1동주민센터,부산광역시 북구 낙동대로1762번길 75,129.0011324,35.2064746
541,구포3동주민센터,부산광역시 북구 시랑로118번길 23,129.0088037,35.1949116
542,구포2동행정복지센터,부산광역시 북구 낙동북로681번길 23,128.999429,35.2016566
543,금곡도서관,부산광역시 북구 효열로203번길 34,129.0167315,35.2632262
544,금곡동주민센터,부산광역시 북구 금곡대로 466,129.0127658,35.2500644
545,화명1동주민센터,부산광역시 북구 금곡대로 274,129.0138027,35.2327756
546,화명도서관,부산광역시 북구 화명대로12번길 59,129.00938,35.23229
547,화명2동주민센터,부산광역시 북구 양달로 58,129.0198445,35.2436162
548,북구보건소,부산광역시 북구 금곡대로 348,129.0146764,35.2392617
549,화명3동주민센터,부산광역시 북구 화명신도시로 85,129.0100326,35.2318453
550,덕천1동주민센터,부산광역시 북구 만덕대로102번가길 11,129.0166542,35.2124237
551,북구보건소덕천지소,부산광역시 북구 만덕대로89번길 9,129.014248,35.212874
552,덕천2동주민센터,부산광역시 북구 금곡대로20번길 56,129.0078324,35.2123886
553,덕천3동주민센터,부산광역시 북구 덕천로 118,129.017427,35.209894
554,만덕1동주민센터,부산광역시 북구 만덕1로 1,129.0363676,35.2134577
555,만덕2동주민센터,부산광역시 북구 만덕2로44번길 10,129.0370766,35.2101026
556,북구만덕도서관,부산광역시 북구 상리로18번길 49,129.0380207,35.2070436
557,만덕3동주민센터,부산광역시 북구 만덕3로 52,129.0291439,35.2113584
558,덕천도서관,부산 북구 의성로47번길 45-2 덕천도서관,,
559,해운대관광안내소,부산광역시 해운대구 해운대해변로 264 (해운대종합관광봉사센타),129.160139,35.159044
560,한적골경로당,부산광역시 해운대구 우동2로30번길 79,129.161105,35.16956
561,한마음부녀경로당,부산광역시 해운대구 우동3로 41,129.163028,35.169081
562,우1동 행정복지센터,부산광역시 해운대구 해운대로 612,129.1580817,35.1628826
563,우2동경로당,부산광역시 해운대구 해운대로383번길 35,129.1391158,35.1706336
564,우2동 행정복지센터,부산광역시 해운대구 해운대로383번가길 7,129.1399355,35.1712081
565,우3동 행정복지센터,부산광역시 해운대구 해운대해변로 104,129.1433296,35.1596898
566,이동노동자지원센터해운대쉼터,부산광역시 해운대구 구남로29번길 38 (혜천빌딩),129.162372,35.162639
567,롯데캐슬마린경로당,부산광역시 해운대구 중동2로34번길 29,129.1651225,35.1659677
568,해운경로당,"부산광역시 해운대구 중동2로10번길 32-15, 604호",129.1665843,35.1635667
569,한마음경로당,부산광역시 해운대구 해운대해변로 329-14 ,129.1652677,35.1627044
570,중1동 행정복지센터,부산광역시 해운대구 중동1로37번길 20,129.1641757,35.1625734
571,중2동 행정복지센터,부산광역시 해운대구 좌동순환로433번길 34,129.1792685,35.1619616
572,청사포경로당,부산광역시 해운대구 청사포로128번길 32,129.1908342,35.1602556
573,좌동경로당,부산광역시 해운대구 좌동로 107,129.1765139,35.1733172
574,좌1동 행정복지센터,부산광역시 해운대구 양운로 91,129.174175,35.1708901
575,좌2동 행정복지센터,부산광역시 해운대구 좌동순환로 302,129.1826012,35.1691093
576,해운대보건소,부산광역시 해운대구 양운로37번길 59,129.1786576,35.1641123
577,좌3동 행정복지센터,부산광역시 해운대구 좌동순환로 65,129.1666143,35.1722656
578,좌4동 행정복지센터,부산광역시 해운대구 좌동순환로 183,129.1762551,35.1778888
579,송정관광안내소,부산광역시 해운대구 송정해변로 62 (송정관광안내소),129.199578,35.179426
580,송정동경로당,부산광역시 해운대구 송정중앙로15번길 62-6 ,129.2043431,35.185627
581,송정동 행정복지센터,부산광역시 해운대구 송정중앙로21번길 20,129.2037134,35.1836604
582,인문학도서관,부산광역시 해운대구 반여로 132,129.1262734,35.202233
583,무정리경로당,부산광역시 해운대구 반여로 21,129.1193359,35.1947962
584,꽃동네경로당,부산광역시 해운대구 선수촌로207번길 79,129.1220784,35.2110716
585,반석경로당,부산광역시 해운대구 선수촌로 199-5 ,129.1248062,35.2101687
586,아시아선수촌(여)경로당,부산광역시 해운대구 선수촌로 122,129.121535,35.202106
587,반여1동 행정복지센터,부산광역시 해운대구 선수촌로 85,129.1189303,35.201146
588,영진종합사회복지관,부산광역시 해운대구 반여로 165,129.126319,35.205749
589,아사아선수촌(남)경로당,부산광역시 해운대구 선수촌로 122,129.121535,35.202106
590,신촌할머니경로당,부산광역시 해운대구 선수촌로 146-11 ,129.122242,35.2063291
591,기로경로당,부산광역시 해운대구 해운대로61번길 87,129.1280678,35.1951579
592,기로(여)경로당,부산광역시 해운대구 해운대로61번길 87,129.1280624,35.1951995
593,소담경로당,부산광역시 해운대구 재반로196번길 13-74 ,129.1317049,35.1956401
594,반여2동 행정복지센터,부산광역시 해운대구 재반로211번길 9,129.1301406,35.1958884
595,장수(여)경로당,부산광역시 해운대구 재반로211번길 28-85 ,129.1293164,35.1974221
596,반여도서관,부산광역시 해운대구 재반로282번길 38,129.133797,35.2019371
597,보훈아파트경로당,부산광역시 해운대구 재반로242번길 41,129.1339311,35.1995196
598,새마을경로당,부산광역시 해운대구 재반로242번길 13-18 ,129.1322628,35.1989607
599,선우정경로당,부산광역시 해운대구 재반로282번길 60,129.1350389,35.2027634
600,안양원경로당,부산광역시 해운대구 재반로241번길 28-70 ,129.1299346,35.1999141
601,반여3동 행정복지센터,부산광역시 해운대구 재반로256번길 29-70 ,129.1335105,35.200998
602,명장SK경로당,부산광역시 해운대구 삼어로 55,129.1138816,35.2035677
603,반여4동 행정복지센터,부산광역시 해운대구 삼어로133번길 50,129.117075,35.209223
604,삼어할머니경로당,부산광역시 해운대구 삼어로133번가길 13-12 ,129.1181275,35.2093469
605,필봉경로당,부산광역시 해운대구 반송순환로 129,129.152868,35.222471
606,석대경로당,부산광역시 해운대구 반송로607번길 27-7 ,129.1298166,35.2208296
607,장수경로당,부산광역시 해운대구 아랫반송로90번길 8,129.1526476,35.2204132
608,반송1동 경로당,부산광역시 해운대구 아랫반송로26번길 46,129.1473609,35.2252315
609,화송(여)경로당,부산광역시 해운대구 아랫반송로40번길 19-23 ,129.1497186,35.223139
610,송원경로당,부산광역시 해운대구 아랫반송로30번길 145,129.1480315,35.2220895
611,송원(여)경로당,부산광역시 해운대구 아랫반송로30번길 145,129.1479966,35.2220698
612,은하수경로당,부산광역시 해운대구 아랫반송로21번길 113-13 ,129.1481334,35.2283318
613,행복경로당,부산광역시 해운대구 아랫반송로29번길 20,129.1494799,35.2246071
614,태평경로당,부산광역시 해운대구 아랫반송로21번길 132-7 ,129.1489877,35.2289037
615,반송1동 행정복지센터,부산광역시 해운대구 아랫반송로 16,129.1479058,35.2251678
616,반송종합사회복지관,부산광역시 해운대구 아랫반송로1번길 15,129.146882,35.226395
617,반송2동 경로당,부산광역시 해운대구 윗반송로51번길 34,129.1553459,35.2298655
618,송우정경로당,부산광역시 해운대구 반송로924번길 8,129.1549838,35.2321857
619,새동네경로당,부산광역시 해운대구 반송로877번길 47-6 ,129.150947,35.2324574
620,반송2동 행정복지센터,부산광역시 해운대구 신반송로 173,129.1604128,35.2288453
621,반송보건지소,부산광역시 해운대구 반송로 853,129.147532,35.229679
622,운봉종합사회복지관,부산광역시 해운대구 신반송로 200,129.1592324,35.2326326
623,반석종합사회복지관,부산광역시 해운대구 신반송로 159,129.1621131,35.2301131
624,파랑새종합사회복지관,부산광역시 해운대구 신반송로 21,129.1584733,35.2288248
625,운봉(여)경로당,부산광역시 해운대구 운봉길 210,129.1425169,35.2366418
626,재송(여)경로당,부산광역시 해운대구 해운대로177번길 51-16 ,129.1253319,35.1838711
627,연화경로당,부산광역시 해운대구 재송1로46번길 56-5 ,129.1230574,35.185125
628,재송(남)경로당,부산광역시 해운대구 해운대로177번길 51-16 ,129.1253293,35.1838667
629,재송1동 행정복지센터,부산광역시 해운대구 재반로63번길 23,129.1251969,35.1846281
630,해운대종합사회복지관,부산광역시 해운대구 재반로12번길 16,129.1276333,35.1800369
631,어진샘노인복지관,부산광역시 해운대구 재반로12번길 16,129.1276494,35.1796137
632,후곡경로당,부산광역시 해운대구 해운대로89번길 23,129.1215286,35.1896561
633,한빛경로당,부산광역시 해운대구 재반로103번길 32,129.1246399,35.1882159
634,별천지경로당,부산광역시 해운대구 재송2로74번길 32,129.1329199,35.1912497
635,역전경로당,부산광역시 해운대구 해운대로91번길 39-8 ,129.1223574,35.1886061
636,송수경로당,부산광역시 해운대구 재반로 142-28 ,129.1280785,35.1898862
637,재송2동 행정복지센터,부산광역시 해운대구 재반로125번길 26,129.1253407,35.1896431
638,괴정1동행정복지센터,부산광역시 사하구 낙동대로250번안길 3,128.9894499,35.0996439
639,괴정1동경로당,부산광역시 사하구 낙동대로249번길 2-2 ,128.9897122,35.0989618
640,석천경로당,부산광역시 사하구 승학로281번길 73,128.9916273,35.1036421
641,회화나무어린이작은도서관,부산광역시 사하구 사하로141번나길 11-1 ,128.9915593,35.0939658
642,괴정2동행정복지센터,부산광역시 사하구 까치고개로 14-1 ,129.0039857,35.1034592
643,까치경로당,부산광역시 사하구 까치고개로 77-1 ,129.0092997,35.1049929
644,풍류원경로당,부산광역시 사하구 대티로63번길 52,129.0042136,35.1074457
645,괴정3동행정복지센터,부산광역시 사하구 낙동대로171번길 30-5 ,128.9979477,35.1003269
646,평화경로당,부산광역시 사하구 오작로3번길 15-4 ,128.9948183,35.0981903
647,양지할아버지경로당,부산광역시 사하구 승학로224번길 93,128.994669,35.1018946
648,오작교작은도서관,부산광역시 사하구 낙동대로171번길 30-5 ,128.997991,35.1003264
649,괴정4동행정복지센터,부산광역시 사하구 낙동대로309번길 9,128.9831271,35.0990902
650,희망경로당,부산광역시 사하구 장평로449번길 120,128.9802974,35.099527
651,마곡정경로당,부산광역시 사하구 낙동대로326번길 14,128.9817924,35.1007763
652,마하골길벗작은도서관,부산광역시 사하구 승학로161번길 80,128.9849309,35.1054218
653,사하구청고우니홀(24시간응급대피장소),부산광역시 사하구 낙동대로398번길 12,128.9751863,35.1041818
654,사하구청민원여권과민원대기실,부산광역시 사하구 낙동대로398번길 12,128.9748291,35.1044445
655,당리동행정복지센터,부산광역시 사하구 낙동대로398번길 21,128.9745292,35.1039916
656,승학경로당,부산광역시 사하구 마하로25번길 8,128.9816512,35.1026843
657,당리본동할머니경로당,부산광역시 사하구 제석로 50,128.9741948,35.1051137
658,당리작은도서관,부산광역시 사하구 승학로20번길 25,128.9721466,35.1060952
659,하단1동행정복지센터,부산광역시 사하구 하신중앙로 308,128.9642338,35.104
660,하단선창경로당,부산광역시 사하구 동매로 55-1 ,128.9644718,35.1033121
661,하단할머니경로당,부산광역시 사하구 괴정로 29,128.9676985,35.1034811
662,하단2동행정복지센터,부산광역시 사하구 하신번영로 377,128.9605616,35.1145936
663,천지경로당,부산광역시 사하구 낙동대로535번길 31-6 ,128.9627725,35.1108635
664,산정경로당,부산광역시 사하구 승학로3번길 102,128.9668269,35.1106313
665,신평1동행정복지센터,부산광역시 사하구 신산로 173,128.9733,35.0892
666,신평본동경로당,부산광역시 사하구 장평로299번안길 7,128.9723422,35.093405
667,느티나무할머니경로당,부산광역시 사하구 다대로 123-4 ,128.9783109,35.0913114
668,동매누리작은도서관,부산광역시 사하구 다대로130번길 112,128.9759112,35.0930493
669,신평2동행정복지센터,부산광역시 사하구 하신중앙로 185,128.9617204,35.0950395
670,사하구보건소,부산광역시 사하구 하신중앙로 185,128.961697,35.0950242
671,신평새동네경로당,부산광역시 사하구 하신번영로 155,128.9600507,35.0963955
672,장림1동행정복지센터,부산광역시 사하구 장림로161번길 2,128.9668358,35.0830497
673,장림본동경로당,부산광역시 사하구 장림시장9길 51-5 ,128.9657807,35.080233
674,장림무지개경로당,부산광역시 사하구 장림시장7길 41,128.9660213,35.080604
675,수풀작은도서관,부산광역시 사하구 다대로271번길 25,128.9787011,35.0778643
676,장림2동행정복지센터,부산광역시 사하구 장평로 131,128.9725601,35.0778838
677,새마을경로당,부산광역시 사하구 장림번영로28번길 33,128.9681652,35.0791289
678,은화경로당,부산광역시 사하구 다대로257번길 33,128.9783603,35.0784447
679,서부할머니경로당,부산광역시 사하구 다대동로 14,128.9718142,35.0547904
680,다대1동행정복지센터,부산광역시 사하구 다대로530번길 7,128.9713195,35.0591387
681,몰운대종합사회복지관,부산광역시 사하구 다대낙조2길 17,128.9632872,35.0512507
682,다대도서관,부산광역시 사하구 다대낙조2길 9,128.9646394,35.050444
683,동부경로당,부산광역시 사하구 다대로529번길 18,128.9730775,35.0584442
684,다해경로당,부산광역시 사하구 다대로 657-3 ,128.9692627,35.0473547
685,다대2동행정복지센터,부산광역시 사하구 다대로429번길 30,128.9821917,35.0634817
686,두송종합사회복지관,부산광역시 사하구 다송로 59,128.9849693,35.0622453
687,다대종합사회복지관,부산광역시 사하구 다대로 440,128.9793205,35.0637455
688,다해아파트경로당,부산광역시 사하구 다송로 7,128.9812329,35.066522
689,BMC3지구경로당,부산광역시 사하구 다대로 430,128.9791426,35.064601
690,낫개작은도서관,부산광역시 사하구 다대로429번길 22,128.9791945,35.0617074
691,구평동행정복지센터,부산광역시 사하구 서포로 48,128.9877886,35.0819113
692,구평종합사회복지관,부산광역시 사하구 을숙도대로 744,128.9868246,35.0855972
693,성포경로당,부산광역시 사하구 을숙도대로 744,128.9866416,35.085673
694,구평농장경로당,부산광역시 사하구 두송로188번길 48,128.9848754,35.0711294
695,구평예들작은도서관,부산광역시 사하구 을숙도대로745번길 16,128.9856931,35.0864339
696,감천1동행정복지센터,부산광역시 사하구 감천로 97,129.002868,35.088379
697,푸른누리작은도서관,부산광역시 사하구 감천로83번길 26,129.0014151,35.0898252
698,동산경로당,부산광역시 사하구 감천로73번길 11,129.0000245,35.0902327
699,남성한빛가든경로당,부산광역시 사하구 감천로 175,129.0098124,35.084325
700,사하구종합사회복지관,부산광역시 사하구 감내2로 21,129.007591,35.0944486
701,감천2동행정복지센터,부산광역시 사하구 옥천로93번길 14,129.0092779,35.0946569
702,감천경로당,부산광역시 사하구 감내1로 167-1 ,129.0084043,35.0955063
703,죽전경로당,부산광역시 사하구 감내1로 239-1 ,129.009372,35.0981026
704,서1동행정복지센터,부산광역시 금정구 서부로69번길 17,129.099116,35.2183206
705,동진경로당,부산광역시 금정구 명서로45번길 11,129.0958303,35.2161622
706,서1동새마을경로당,부산광역시 금정구 서부로69번길 35,129.0983865,35.2177618
707,책마을보드랑작은도서관,부산광역시 금정구 서동로 115-1 ,129.0996184,35.216335
708,희망오차마을경로당,부산광역시 금정구 서동로104번길 34,129.0978103,35.2151325
709,서2동행정복지센터,부산광역시 금정구 서동중심로 33,129.1044697,35.2128861
710,서2동경로당,부산광역시 금정구 명서로45번길 99,129.0998134,35.2142579
711,평화나눔경로당,부산광역시 금정구 서동중심로53번길 10,129.102922,35.2135718
712,서3동화목경로당,부산광역시 금정구 서곡로8번길 21-1 ,129.1065117,35.216466
713,서3동경로당,부산광역시 금정구 서곡로8번길 21-1 ,129.1065117,35.216466
714,서3동행정복지센터,부산광역시 금정구 서곡로33번길 9,129.1039206,35.2171995
715,금사동행정복지센터,부산광역시 금정구 금사로 76,129.111298,35.2195173
716,금정구종합사회복지관,부산광역시 금정구 반송로490번길 47,129.1184333,35.2142864
717,금사동새마을금고회동지점,부산광역시 금정구 회천로 1,129.1170251,35.226257
718,금사동새마을금고본점,부산광역시 금정구 금사로 81,129.1113147,35.2199706
719,금동경로당,부산광역시 금정구 회천로13번길 87,129.113345,35.224458
720,부곡1동행정복지센터,부산광역시 금정구 동부곡로6번길 29,129.0920994,35.2244011
721,늘푸른아파트경로당,부산광역시 금정구 동현로 67,129.0967953,35.2228996
722,학수경로당,부산광역시 금정구 오시게로 88,129.0889916,35.2249712
723,부곡2동행정복지센터,부산광역시 금정구 동부곡로15번길 76,129.094182,35.229848
724,대우아파트할아버지경로당,부산광역시 금정구 부산대학로 10,129.089989,35.233119
725,부곡3동행정복지센터,부산광역시 금정구 기찰로 107,129.0938123,35.2405199
726,경남한신경로당,부산광역시 금정구 중앙대로1685번길 24,129.089925,35.237525
727,기찰장수부녀회경로당,부산광역시 금정구 기찰로 124,129.0943786,35.2416859
728,기찰경로당,부산광역시 금정구 기찰로108번길 38,129.095595,35.2415979
729,부곡4동행정복지센터,부산광역시 금정구 부곡로18번안길 37,129.0885586,35.2199316
730,부곡뉴그린아파트경로당,부산광역시 금정구 동현로 90,129.0942525,35.2204942
731,은빛사랑채도서관,부산광역시 금정구 서동로60번길 13-22 ,129.0940709,35.2174005
732,장전1동행정복지센터,부산광역시 금정구 수림로71번길 36,129.0844618,35.2382689
733,백조경로당,부산광역시 금정구 부산대학로50번길 51,129.0863573,35.2336709
734,대한노인회금정지회,부산광역시 금정구 장전온천천로113번길 12,129.0884249,35.2352066
735,미리내작은도서관,부산광역시 금정구 금강로347번길 32,129.0850138,35.2388409
736,장전2동행정복지센터,부산광역시 금정구 소정로 19,129.080975,35.227794
737,장전2동할아버지경로당,부산광역시 금정구 식물원로40번길 27,129.0844363,35.2262613
738,선동신천마을회관,부산광역시 금정구 신천로35번길 2,129.1115696,35.276726
739,선두구동행정복지센터,부산광역시 금정구 두구죽전1길 13,129.1133882,35.2982172
740,대두경로당,부산광역시 금정구 대두로20번길 35,129.1087937,35.2968395
741,수내경로당,부산광역시 금정구 수내1길 17-2 ,129.1121164,35.2912789
742,청룡노포동행정복지센터,부산광역시 금정구 청룡로 25,129.0898668,35.2752569
743,청룡경로당,부산광역시 금정구 청룡예전로 8-12 ,129.0923616,35.2744823
744,금정구노인복지관,부산광역시 금정구 청룡예전로 110,129.0848266,35.2792086
745,금정도서관,부산광역시 금정구 금정도서관로 33,129.096229,35.2724717
746,남산동행정복지센터,부산광역시 금정구 중앙대로2097번길 4,129.0922562,35.2716512
747,머드레경로당,부산광역시 금정구 범어천로52번길 25-1 ,129.0908065,35.2711794
748,금샘마을도서관,부산광역시 금정구 금강로 644-1,129.088961,35.267617
749,머드레작은도서관,부산광역시 금정구 범어천로52번길 25-3 ,129.090803,35.271157
750,구서1동행정복지센터,부산광역시 금정구 수림로72번길 123,129.0869442,35.2451153
751,구서본동경로당,부산광역시 금정구 수림로72번길 123,129.0870067,35.2452231
752,구서2동새마을금고,부산광역시 금정구 금강로 568,129.0879124,35.2581942
753,구서2동행정복지센터,부산광역시 금정구 금강로 584,129.0879446,35.2595693
754,"선경1,2차아파트경로당",부산광역시 금정구 구서중앙로 20,129.0893154,35.255615
755,금성동행정복지센터,부산광역시 금정구 산성로 452,129.0561336,35.2503395
756,공해경로당,부산광역시 금정구 산성로 520-2 ,129.0555355,35.2446572
757,금성동경로당,부산광역시 금정구 북문로 14,129.0568127,35.251213
758,금성동할아버지경로당,부산광역시 금정구 산성로 429,129.054148,35.251387
759,금성동할머니경로당,부산광역시 금정구 산성로 429,129.054127,35.251387
760,스마트쉼터(남산동),부산광역시 금정구 중앙대로 2033,129.0922521,35.26581817
761,스마트쉼터(서1동),부산광역시 금정구 서동로100번길 1-4,129.0978956,35.21648685
762,금정구청 민원실,부산광역시 금정구 중앙대로 1777,129.0924545,35.24205404
763,남광종합사회복지관 쉼터,부산광역시 금정구 중앙대로2349번길 3,129.1000091,35.29339563
764,금정구장애인복지관 1층 쉼터,부산광역시 금정구 서부로 77,129.0989199,35.21962464
765,금샘도서관,부산광역시 금정구 기찰로 94,129.0939302,35.23900534
766,온천천작은도서관,부산광역시 금정구 장전온천천로 144,129.0881458,35.23808955
767,금정구가족센터 3층,부산광역시 금정구 중앙대로 1992,129.0920643,35.26220234
768,금정문화회관 ART라운지,부산광역시 금정구 체육공원로 7,129.0944742,35.24591915
769,금정청소년수련관 1층,부산광역시 금정구 기찰로96번길 47,129.095164,35.23798552
770,대저1동행정복지센터,부산광역시 강서구 대저로221번길 19,128.976907,35.215501
771,대지상리경로당,부산광역시 강서구 대저로89번나길 8,128.9641,35.2178
772,강서노인종합복지관,부산광역시 강서구 체육공원로 39,128.9734744,35.2073399
773,중리2구경로당,부산광역시 강서구 평강로345번길 101,128.9455472,35.2191063
774,사덕상리할머니경로당,부산광역시 강서구 체육공원로6번길 84,128.9782798,35.2068332
775,평강경로당,부산광역시 강서구 낙동북로212번길 17,128.9509991,35.2135369
776,동연정경로당,부산광역시 강서구 대저로171번나길 56,128.9729,35.2176
777,대저2동 행정복지센터,부산광역시 강서구 공항로811번가길 30-1 ,128.9564771,35.1785352
778,사두경로당,부산광역시 강서구 공항로811번다길 92,128.9523803,35.1781484
779,중앙경로당,부산광역시 강서구 공항로811번다길 23-4 ,128.9559089,35.1791642
780,강서도서관,부산광역시 강서구 공항로811번길 10,128.9572369,35.1801754
781,강서시니어클럽,부산광역시 강서구 공항로811번가길 30,128.9568141,35.1787105
782,동자경로당,부산광역시 강서구 송동길 481,128.9376628,35.146694
783,강동신덕경로당,부산광역시 강서구 제도로 1003,128.9269315,35.2010064
784,대사1통경로당,부산광역시 강서구 낙동북로13번길 36-6 ,128.9333122,35.2209584
785,강동보건지소,부산광역시 강서구 낙동북로102번길 76,128.9376317,35.2161661
786,강동동 행정복지센터,부산광역시 강서구 제도로 1171,128.9353036,35.2143801
787,본동경로당,부산광역시 강서구 낙동남로991번길 5,128.9215081,35.1146017
788,신포경로당,부산광역시 강서구 신포길39번길 25-21 ,128.931015,35.1130292
789,명지노인종합복지관,부산광역시 강서구 명지국제13로 33,128.923025,35.1105621
790,명지1동 행정복지센터,부산광역시 강서구 명지동 1996,128.9072388,35.1003936
791,진목경로당,부산광역시 강서구 낙동남로 1036-6 ,128.9256035,35.1128992
792,교육지원센터,부산광역시 강서구 명지오션시티11로 33,128.8997226,35.0845254
793,명지2동 행정복지센터,부산광역시 강서구 명지오션시티11로 35,128.9000653,35.0845432
794,행복마을경로당,부산광역시 강서구 명지오션시티10로 132,128.9103805,35.0866457
795,해포도경로당,부산광역시 강서구 봉림길94번길 24,128.8953172,35.1728798
796,시만마을회관,부산광역시 강서구 식만로 253-2 ,128.9140207,35.2149709
797,가락동행정복지센터,부산광역시 강서구 가락대로 1476,128.9018,35.1964
798,가락보건지소,부산광역시 강서구 가락대로 1476,128.9017958,35.1962668
799,신호동 행정복지센터,부산광역시 강서구 신호사로 56,128.87913,35.085456
800,신호경로당,부산광역시 강서구 신호오로 64,128.8799821,35.0831925
801,녹산보건지소,부산광역시 강서구 생곡로 17,128.8955175,35.1234029
802,지사민원센터,부산광역시 강서구 과학산단2로20번길 5,128.8311111,35.1516506
803,녹산동 행정복지센터,부산광역시 강서구 가락대로900번가길 32,128.8838003,35.153556
804,송정경로당,부산광역시 강서구 송정길 147,128.8417393,35.1029303
805,산양경로당,부산광역시 강서구 낙동남로483번길 73,128.8687919,35.1127345
806,녹산경로당,부산광역시 강서구 낙동남로605번길 12,128.8853717,35.1144493
807,성산1구경로당,부산광역시 강서구 생곡로 21,128.895825,35.1237657
808,생곡경로당,부산광역시 강서구 생곡길 22,128.8799,35.1312
809,가동경로당,부산광역시 강서구 수가로748번길 20,128.8850306,35.1647621
810,사구경로당,부산광역시 강서구 가락대로961번길 60,128.8849531,35.158283
811,방근경로당,부산광역시 강서구 송정길100번길 59,128.8465797,35.1019202
812,대항보건진료소,부산광역시 강서구 가덕해안로1208번가길 9,128.8281572,35.0127897
813,천성보건진료소,부산광역시 강서구 가덕해안로821번길 100,128.8165151,35.0288149
814,가덕도보건지소,부산광역시 강서구 성북1길 70-1 ,128.8304585,35.0536212
815,가덕도동행정복지센터,부산광역시 강서구 동선길 10,128.8316435,35.0566182
816,거제1동 행정복지센터,부산광역시 연제구 법원북로 88,129.0756252,35.1918546
817,종합운동장역 스마트쉘터,부산광역시 연제구 아시아드대로 88,129.067505,35.192661
818,교대역 스마트쉘터,부산광역시 연제구 중앙대로 1204,129.080371,35.195051
819,솔벗작은도서관,부산광역시 연제구 아시아드대로22번길 15,129.0700799,35.1876054
820,거제2동 행정복지센터,부산광역시 연제구 아시아드대로22번길 19,129.0702748,35.1877702
821,거제3동 행정복지센터,부산광역시 연제구 거제대로 180,129.0711054,35.1843
822,거제4동 행정복지센터,부산광역시 연제구 화지로52번길 33,129.0659022,35.180004
823,연제구국민체육센터,부산광역시 연제구 쌍미천로 132,129.0873787,35.1841035
824,연산1동 행정복지센터,부산광역시 연제구 연동로8번길 66,129.0904176,35.1900024
825,연제도서관,부산광역시 연제구 황령산로 612,129.0829369,35.1741306
826,연산2동 행정복지센터,부산광역시 연제구  중앙대로1038번길  39,129.079292,35.179956
827,밤골작은도서관,부산광역시 연제구 금련로24번길 33,129.0944426,35.172033
828,연산3동 행정복지센터,부산광역시 연제구 연수로208번길 16,129.092906,35.172947
829,연산4동 행정복지센터,부산광역시 연제구 쌍미천로151번길 42,129.08491,35.186278
830,연산5동 행정복지센터,부산광역시 연제구 거제천로124번길 15,129.0760914,35.1844853
831,배산작은도서관,부산광역시 연제구 배산북로 8,129.0932817,35.1750941
832,연산6동 행정복지센터,부산광역시 연제구 쌍미천로52번길 2,129.089601,35.177448
833,연산8동 행정복지센터,부산광역시 연제구 과정로 262,129.0987601,35.1881649
834,연산9동 행정복지센터,부산광역시 연제구 과정로164번길 38,129.1093513,35.1859646
835,수영구도서관,부산광역시 수영구 남천서로 33,129.105246,35.144604
836,수영구노인복지관,부산광역시 수영구 황령대로489번길 83,129.1112,35.14
837,남천1동행정복지센터,부산광역시 수영구 남천동로 13,129.1103,35.1427
838,수영구청,부산광역시 수영구 남천동로 100,129.113152,35.14577
839,남천2동행정복지센터,부산광역시 수영구 광안해변로 99,129.1147265,35.1438235
840,수영동행정복지센터,부산광역시 수영구 수영성로 36,129.116029,35.170501
841,들락날락망미작은도서관,부산광역시 수영구 연수로275번길 30,129.1009989,35.1745428
842,망미도서관,부산광역시 수영구 연수로315번길 23,129.1050223,35.1734773
843,망미1동행정복지센터,부산광역시 수영구 연수로315번길 23,129.1048908,35.1734466
844,부산종합사회복지관,부산광역시 수영구 금련로43번길 54,129.0986662,35.1710365
845,망미2동행정복지센터,부산광역시 수영구 수미로35번길 40,129.1153,35.1754
846,광안1동행정복지센터,부산광역시 수영구 광일로14번길 17,129.1124386,35.1628562
847,광안2동행정복지센터,부산광역시 수영구 광안로16번길 22,129.1138038,35.1557339
848,광안3동행정복지센터,부산광역시 수영구 연수로404번길 27,129.1124,35.1676
849,수영구장애인복지관,부산광역시 수영구 장대골로 75-14 ,129.1049847,35.1593675
850,수영구어린이도서관,부산광역시 수영구 장대골로 75-6 ,129.1051081,35.1597556
851,광안노인복지관,부산광역시 수영구 장대골로 75-8 ,129.1049735,35.1597198
852,광안4동행정복지센터,부산광역시 수영구 수영로 541,129.1119075,35.1540826
853,홀트수영종합사회복지관,부산광역시 수영구 장대골로 20-5 ,129.111026,35.159343
854,민락동행정복지센터,부산광역시 수영구 광안해변로295번길 20,129.125421,35.157352
855,삼락동주민센터,부산광역시 사상구 낙동대로1310번길 19,128.977703,35.176969
856,삼락분회경로당,부산광역시 사상구 삼덕로46번길 54,128.9807886,35.1710882
857,삼락경로당,부산광역시 사상구 낙동대로1530번길 5,128.9854759,35.1943305
858,삼락강변경로당,부산광역시 사상구 낙동대로1258번길 5,128.977375,35.1725481
859,사상생활사박물관,부산광역시 사상구 낙동대로1258번길 30,128.9787519,35.1719849
860,모라할머니경로당,부산광역시 사상구 모라로 59-3 ,128.987909,35.1892891
861,고동바위경로당,부산광역시 사상구 백양대로907번다길 6,128.9903019,35.18817
862,수강경로당,부산광역시 사상구 백양대로950번나길 94,128.9947915,35.1947853
863,곡상골경로당,부산광역시 사상구 백양대로979번라길 28,128.990802,35.19252
864,모라1동행정복지센터,부산광역시 사상구 모라로 93,128.9898812,35.1869874
865,늘푸른사상새마을금고본점,부산광역시 사상구 사상로 490,128.9881009,35.1879404
866,모라종합사회복지관,부산광역시 사상구 모라로110번길 121,128.9977258,35.1849672
867,사상구장애인복지관,부산광역시 사상구 모라로192번길 21,129.0009212,35.1848846
868,모라3동주민센터,부산광역시 사상구 모라로110번길 99,128.996054,35.184644
869,백양종합사회복지관,부산광역시 사상구 모라로192번길 20-33 ,128.9995481,35.1833751
870,덕포복있는경로당,부산광역시 사상구 사상로293번길 16-5 ,128.9819929,35.1716114
871,강선대경로당,부산광역시 사상구 강선로 43,128.986816,35.1687222
872,신백양경로당,부산광역시 사상구 백양대로703번길 37-8 ,128.9875817,35.1688072
873,덕포1동행정복지센터,부산광역시 사상구 강선로 31,128.9857702,35.1692202
874,한내마을행복센터,부산광역시 사상구 사상로277번길 22-10 ,128.9814662,35.1702842
875,사상중앙새마을금고,부산광역시 사상구 사상로 297,128.9827515,35.1714228
876,덕포시장고객쉼터,부산광역시 사상구 사상로293번길 15,128.9819984,35.1711394
877,"사상도서관(휴게실,열람실)",부산광역시 사상구 덕상로72번길 9,128.9898723,35.1780967
878,덕포2동신바람무더위쉼터,부산광역시 사상구 사상로333번길 17,128.982953,35.174448
879,노인회관(노인회지원)(노인복지관),부산광역시 사상구 사상로319번길 6,128.983458,35.17357
880,덕암경로당,부산광역시 사상구 백양대로762번길 17,128.9895827,35.1749199
881,부산도서관,부산광역시 사상구 사상로310번길 33,128.9895827,35.1749199
882,괘내경로당,부산광역시 사상구 백양대로646번나길 22,128.9892138,35.1635983
883,창날경로당,부산광역시 사상구 광장로87번길 30,128.9855403,35.163899
884,괘법동주민센터,부산광역시 사상구 광장로97번길 6,128.987127,35.163751
885,괘내마을행복센터,부산광역시 사상구 백양대로646번나길 22,128.9891837,35.1636239
886,늘푸른사상새마을금고괘법동지점,부산광역시 사상구 사상로 230,128.9832554,35.1655012
887,감전동주민센터,부산광역시 사상구 새벽시장로56번길 20,128.979429,35.154303
888,감전중앙경로당,부산광역시 사상구 새벽로168번길 51-14 ,128.9862996,35.1561308
889,감전본동경로당,부산광역시 사상구 백양대로561번길 30,128.9919573,35.1568216
890,효성경로당,부산광역시 사상구 사상로 130-3 ,128.9890259,35.1581303
891,감전새마을금고본점,부산광역시 사상구 새벽시장로 57,128.9799522,35.1554183
892,백양새마을금고본점,부산광역시 사상구 사상로 144,128.9879245,35.1590238
893,백양새마을금고감전시장지점,부산광역시 사상구 새벽시장로103번길 49,128.9854574,35.156555
894,한국건강관리협회 서부지부,부산광역시 사상구 학감대로 230,128.9854574,35.156555
895,백양경로당,부산광역시 사상구 백양대로500번길 21,128.9983122,35.1554428
896,양지마을경로당,부산광역시 사상구 양지로42번길 80-20 ,129.0033532,35.155146
897,양백경로당,부산광역시 사상구 양지로 18,129.00444,35.1540764
898,주례1동주민센터,부산광역시 사상구 주례동 1296,129.0011054,35.1513632
899,온골마을행복센터,부산광역시 사상구 백양대로445번길 124-5 ,128.997055,35.153394
900,사상구종합사회복지관,부산광역시 사상구 백양대로 527,128.9946925,35.1554075
901,부산주례새마을금고본점,부산광역시 사상구 사상로 19,128.9979434,35.1510857
902,부산주례새마을금고1동지점,부산광역시 사상구 백양대로 458,129.001683,35.1529612
903,백양낙조전망대,부산광역시 사상구 백양대로 499,129.001683,35.1529612
904,진사경로당,부산광역시 사상구 진사로36번길 43-1 ,129.0143663,35.1468563
905,주례2동주민센터,부산광역시 사상구 주례로10번길 15,129.0103993,35.1500978
906,희망경로당,부산광역시 사상구 주감로 257,129.0139205,35.1520823
907,학송경로당,부산광역시 사상구 진사로28번길 26,129.0146425,35.149067
908,냉정어울림센터,부산광역시 사상구 진사로36번길 46,129.0140307,35.1471081
909,주례2동새마을금고본점,부산광역시 사상구 가야대로366번길 8,129.0125531,35.1507177
910,주례2동새마을금고신주례지점,부산광역시 사상구 백양대로 370,129.0113702,35.1529641
911,주례열린도서관,부산광역시 사상구 주례로 110,129.0045708,35.1467269
912,엄광경로당,부산광역시 사상구 주례로 138-3 ,129.001321,35.1461973
913,주례3동주민센터,부산광역시 사상구 냉정로 10,129.001404,35.147345
914,부산주례새마을금고3동지점,부산광역시 사상구 가야대로 290,129.0043956,35.1501855
915,학장동주민센터,부산광역시 사상구 학감대로147번길 11,128.987307,35.14409
916,붉은디경로당,부산광역시 사상구 학장로236번길 9,128.9924446,35.1445271
917,새밭경로당,부산광역시 사상구 대동로159번길 109,128.9785507,35.139465
918,사상구노인복지관,부산광역시 사상구 가야대로196번길 51,128.994841,35.147309
919,새밭행복센터,부산광역시 사상구 대동로159번길 107,128.9786017,35.1395527
920,학장종합사회복지관,부산광역시 사상구 학감대로49번길 28-70 ,128.9897687,35.1386083
921,승학새마을금고으뜸지점,부산광역시 사상구 대동로 152,128.9835629,35.1409279
922,승학새마을금고새밭지점,부산광역시 사상구 대동로 102,128.9789987,35.1385481
923,지불경로당,부산광역시 사상구 대동로 27-5 ,128.973586,35.133645
924,엄궁동주민센터,부산광역시 사상구 엄궁북로 15,128.9722154,35.1286772
925,승학새마을금고본점,부산광역시 사상구 낙동대로 790,128.9724022,35.1310288
926,엄궁통통,부산광역시 사상구 엄궁남로 20,128.9724022,35.1310288
927,이진스카이빌경로당,부산광역시 기장군 기장읍 차성서로 158-12 ,129.2115447,35.2472026
928,무곡마을회관,부산광역시 기장군 기장읍 무곡길 4,129.21182,35.227222
929,동암마을회관,부산광역시 기장군 기장읍 동암3길 10,129.2236528,35.1961355
930,당사경로당,부산광역시 기장군 기장읍 당사로8길 13,129.2099042,35.1878929
931,석산경로당,부산광역시 기장군 기장읍 석산1길 15,129.2100629,35.205595
932,덕발(청강)여자경로당,부산광역시 기장군 기장읍 청강로 6,129.217675,35.233535
933,동서마을남자경로당,부산광역시 기장군 기장읍 동서길 84-14 ,129.200245,35.258326
934,오신경로당,부산광역시 기장군 기장읍 내리1길 63,129.2053047,35.210401
935,소정1여자경로당,부산광역시 기장군 기장읍 소정안길 4-6 ,129.206174,35.202232
936,양경경로당,부산광역시 기장군 기장읍 당사로1길 35,129.209209,35.183412
937,서부주공여자경로당,부산광역시 기장군 기장읍 차성서로 123,129.209559,35.243964
938,휴먼시아1단지남자경로당,부산광역시 기장군 기장읍 소정안길 72-1 ,129.205344,35.2083994
939,공수남자경로당,부산광역시 기장군 기장읍 공수1길 18,129.211742,35.1834502
940,공수여자경로당,부산광역시 기장군 기장읍 공수1길 18,129.2117447,35.1834392
941,덕발1마을회관,부산광역시 기장군 기장읍 대청로71번길 24,129.21887,35.238494
942,덕발(청강)남자경로당,부산광역시 기장군 기장읍 청강로 6,129.217675,35.233535
943,동서마을여자경로당,부산광역시 기장군 기장읍 동서길 84-14 ,129.200245,35.258326
944,내동경로당,부산광역시 기장군 기장읍 내리길 146-39 ,129.200255,35.218144
945,서부주공남자경로당,부산광역시 기장군 기장읍 차성서로 123,129.209559,35.243964
946,내리휴먼시아작은도서관,부산광역시 기장군 기장읍 소정안길 68,129.2052457,35.2066908
947,대라다목적도서관,부산광역시 기장군 기장읍 차성서로 86,129.2105674,35.2407955
948,사라1남자경로당,부산광역시 기장군 기장읍 차성로249번길 31,129.211689,35.239337
949,사라1여자경로당,부산광역시 기장군 기장읍 차성로249번길 31,129.211689,35.239337
950,기장도서관,부산광역시 기장군 기장읍 차성동로126번길 13-5 ,129.2173639,35.2495838
951,교리3리경로당,부산광역시 기장군 기장읍 차성로397번길 7,129.2127103,35.2544771
952,휴먼시아1단지남자경로당,부산광역시 기장군 기장읍 소정안길 68,129.205722,35.2077177
953,임랑경로당,부산광역시 기장군 장안읍 임랑효덕길 7-22 ,129.26,35.3168
954,좌천제2남자경로당,부산광역시 기장군 장안읍 좌천4길 9-9 ,129.2417773,35.3120019
955,좌동남자경로당,부산광역시 기장군 장안읍 좌동2길 4,129.2418632,35.3188983
956,덕산경로당,부산광역시 기장군 장안읍 덕산1길 10,129.240093,35.3261954
957,선암경로당,부산광역시 기장군 장안읍 선암길 76,129.2299408,35.3313939
958,내덕여자경로당,부산광역시 기장군 장안읍 내덕길 221,129.2183644,35.3322539
959,용소남자경로당,부산광역시 기장군 장안읍 용소길 48,129.2458425,35.3439651
960,하근남자경로당,부산광역시 기장군 장안읍 하근1길 3,129.2548773,35.3466443
961,기룡남자경로당,부산광역시 기장군 장안읍 기룡1길 35,129.2505789,35.3558278
962,상장안남자경로당,부산광역시 기장군 장안읍 상장안3길 2-7 ,129.2459133,35.3702667
963,신리(장안)경로당,부산광역시 기장군 장안읍 신리길 17-34 ,129.267772,35.356254
964,시장마을여자경로당,부산광역시 기장군 장안읍 장곡길 177,129.2433974,35.3087976
965,하장안여자경로당,부산광역시 기장군 장안읍 하장안1길 4,129.249725,35.363166
966,반룡경로당,부산광역시 기장군 장안읍 반룡2길 1,129.26373,35.339045
967,대명경로당,부산광역시 기장군 장안읍 협동로 104,129.250637,35.376659
968,신명경로당,부산광역시 기장군 장안읍 신명길 56-49 ,129.2613521,35.3840293
969,도야경로당,부산광역시 기장군 장안읍 도야길 7-1 ,129.2609913,35.3754087
970,대룡남자경로당,부산광역시 기장군 장안읍 대룡1길 17,129.2644012,35.3711251
971,판곡경로당,부산광역시 기장군 장안읍 판곡길 32,129.2674541,35.3612324
972,개천경로당,부산광역시 기장군 장안읍 오리길 285,129.277837,35.353238
973,고무경로당,부산광역시 기장군 장안읍 고무마을길 29-9 ,129.263713,35.348571
974,길천남자경로당,부산광역시 기장군 장안읍 길천2길 26,129.282072,35.327828
975,월내남자경로당,부산광역시 기장군 장안읍 월내해안길 107-29 ,129.2801,35.3273
976,임랑남자경로당,부산광역시 기장군 장안읍 임랑2길 1-6 ,129.2619,35.3177
977,구기경로당,부산광역시 기장군 장안읍 구기길 37,129.266257,35.333716
978,좌천제2여자경로당,부산광역시 기장군 장안읍 좌천4길 46-2 ,129.2425,35.3134
979,좌동여자경로당,부산광역시 기장군 장안읍 좌동2길 4,129.2418686,35.3188983
980,내덕남자경로당,부산광역시 기장군 장안읍 내덕길 221,129.2183,35.3323
981,용소여자경로당,부산광역시 기장군 장안읍 용소길 48,129.2458385,35.3439707
982,하근여자경로당,부산광역시 기장군 장안읍 하근1길 3,129.2548853,35.3466464
983,기룡여자경로당,부산광역시 기장군 장안읍 기룡1길 35,129.2505985,35.3558212
984,상장안여자경로당,부산광역시 기장군 장안읍 상장안3길 2-7 ,129.245916,35.3702667
985,길천여자경로당,부산광역시 기장군 장안읍 길천1길 39,129.2868168,35.3278829
986,임랑여자경로당,부산광역시 기장군 장안읍 임랑2길 1-6 ,129.2619,35.3177
987,월내여자경로당,부산광역시 기장군 장안읍 월내해안길 107-29 ,129.2801,35.3273
988,대룡여자경로당,부산광역시 기장군 장안읍 대룡1길 17,129.264458,35.3711395
989,시장마을남자경로당,부산광역시 기장군 장안읍 장곡길 173-1 ,129.2439821,35.3088151
990,좌천마을제1남자경로당,부산광역시 기장군 장안읍 좌천4길 46-2 ,129.2425,35.3134
991,좌천마을제1여자경로당,부산광역시 기장군 장안읍 좌천4길 46-2 ,129.2425,35.3134
992,대룡상상작은도서관,부산광역시 기장군 장안읍 대룡1길 17,129.2645654,35.3711941
993,길천여자경로당,부산광역시 기장군 장안읍 길천2길 26,129.282067,35.327794
994,LH4단지남자경로당,부산광역시 기장군 정관읍 산단4로 160,129.192712,35.321483
995,성림아파트경로당,부산광역시 기장군 정관읍 정관로 744-41 ,129.1942449,35.3219706
996,임곡마을회관경로당,부산광역시 기장군 정관읍 임곡1길 4,129.136498,35.3517351
997,양우내안에경로당,부산광역시 기장군 정관읍 정관5로 144,129.180143,35.329306
998,병산남여경로당,부산광역시 기장군 정관읍 병산로 246,129.1881385,35.3477469
999,덕산마을경로당,부산광역시 기장군 정관읍 정관덕산2길 18-40 ,129.1829941,35.322494
1000,상곡1마을회관,부산광역시 기장군 정관읍 정관상곡1길 83,129.1638109,35.3197847
1001,월평마을회관,부산광역시 기장군 정관읍 월평2길 62,129.1379383,35.3633375
1002,두명마을경로회관,부산광역시 기장군 정관읍 부명2길 34,129.1462398,35.3619005
1003,서편마을경로당,부산광역시 기장군 정관읍 서편길 17,129.2023087,35.3259582
1004,대전마을회관,부산광역시 기장군 정관읍 달산2길 3-10 ,129.1814223,35.3188261
1005,LH4단지작은도서관,부산광역시 기장군 정관읍 산단4로 160,129.192712,35.321483
1006,LH5단지남자경로당,부산광역시 기장군 정관읍 산단2로 60,129.1865319,35.319104
1007,달산6마을경로당,부산광역시 기장군 정관읍 달산4길 81,129.1795635,35.3176881
1008,달산누리작은도서관,부산광역시 기장군 정관읍 산단4로 139,129.1899755,35.3188439
1009,예림마을여자경로당,부산광역시 기장군 정관읍 예림길 30,129.2065975,35.3275273
1010,센트럴파크남자경로당,부산광역시 기장군 정관읍 구연방곡로 10,129.1857326,35.320439
1011,재흥아파트경로당,부산광역시 기장군 정관읍 정관로 750-24 ,129.1958009,35.3221626
1012,상곡2마을경로당,부산광역시 기장군 정관읍 정관중앙로 83-13 ,129.1790271,35.3234591
1013,휴먼시아1단지커뮤니티시설,부산광역시 기장군 정관읍 정관4로 23,129.167807,35.325989
1014,동일2차작은도서관,부산광역시 기장군 정관읍 정관3로 23,129.1657919,35.3298737
1015,이지더원2차남자경로당,부산광역시 기장군 정관읍 정관2로 9,129.16385,35.334094
1016,LH5단지작은도서관,부산광역시 기장군 정관읍 산단2로 60,129.1866446,35.3184825
1017,동일3차경로당,부산광역시 기장군 정관읍 모전1길 9,129.166097,35.3373045
1018,매곡마을경로당,부산광역시 기장군 정관읍 매곡길 25-1 ,129.1743708,35.3176333
1019,평전마을경로당,부산광역시 기장군 정관읍 용수1길 19,129.1738611,35.3290263
1020,이지더원3차남자경로당,부산광역시 기장군 정관읍 정관로 350,129.162949,35.335766
1021,동원2차여자경로당,부산광역시 기장군 정관읍 정관5로 12,129.175085,35.31947
1022,리슈빌작은도서관,부산광역시 기장군 정관읍 정관로 513,129.1720426,35.3249932
1023,서희스타힐스작은도서관,부산광역시 기장군 정관읍 방곡3로 11,129.1883531,35.3258532
1024,현진에버빌여자경로당,부산광역시 기장군 정관읍 정관2로 40,129.1683276,35.333454
1025,현진에버빌남자경로당,부산광역시 기장군 정관읍 정관2로 40,129.168071,35.333679
1026,좌광천정원방문자센터,부산광역시 기장군 정관읍 정관8로 11,129.1775139,35.3237529
1027,정관도서관,부산광역시 기장군 정관읍 정관중앙로 100,129.1814303,35.3252361
1028,이지더원3차여자경로당,부산광역시 기장군 정관읍 정관로 350,129.162949,35.335766
1029,예림마을남자경로당,부산광역시 기장군 정관읍 예림길 30,129.2065787,35.3275295
1030,이지더원2차여자경로당,부산광역시 기장군 정관읍 정관2로 9,129.16385,35.334094
1031,휴먼시아2단지남자경로당,부산광역시 기장군 정관읍 정관2로 24,129.164439,35.332371
1032,LH5단지여자경로당,부산광역시 기장군 정관읍 산단2로 60,129.186506,35.319042
1033,LH4단지여자경로당,부산광역시 기장군 정관읍 산단4로 160,129.192712,35.321483
1034,동원1차남자경로당,부산광역시 기장군 정관읍 산단4로 139,129.189865,35.318795
1035,동원1차여자경로당,부산광역시 기장군 정관읍 산단4로 139,129.189865,35.318795
1036,구연동남자경로당,부산광역시 기장군 정관읍 구연1로 11-5 ,129.1830128,35.3204938
1037,구연동여자경로당,부산광역시 기장군 정관읍 구연1로 11-5 ,129.1830048,35.3204872
1038,센트럴파크여자경로당,부산광역시 기장군 정관읍 구연방곡로 10,129.185746,35.3204193
1039,동일2차은빛뜨락카페,부산광역시 기장군 정관읍 정관3로 23,129.1657072,35.3294617
1040,이지더원1차여성노인정,부산광역시 기장군 정관읍 정관1로 18,129.163923,35.338759
1041,이지더원1차남성노인정,부산광역시 기장군 정관읍 정관1로 18,129.163923,35.338759
1042,낙원남자경로당,부산광역시 기장군 정관읍 용수공단2길 64-20 ,129.16159,35.3246781
1043,낙원여자경로당,부산광역시 기장군 정관읍 용수공단2길 64-20 ,129.161641,35.3246649
1044,이진캐스빌1차작은도서관,부산광역시 기장군 정관읍 정관로 545,129.174635,35.323054
1045,이지더원5차경로당,부산광역시 기장군 정관읍 방곡로 29,129.188497,35.327465
1046,서희스타힐스경로당,부산광역시 기장군 정관읍 방곡3로 11,129.1883531,35.3258379
1047,롯데캐슬1차경로당,부산광역시 기장군 정관읍 정관3로 52,129.170262,35.328696
1048,롯데캐슬도서관,부산광역시 기장군 정관읍 정관3로 52,129.1709483,35.3288249
1049,센트럴파크도서관,부산광역시 기장군 정관읍 구연방곡로 10,129.185982,35.3202661
1050,동원2차남자경로당,부산광역시 기장군 정관읍 정관5로 12,129.175085,35.31947
1051,동원2차작은도서관,부산광역시 기장군 정관읍 정관5로 12,129.175085,35.31947
1052,이지더원1차글숲,부산광역시 기장군 정관읍 정관1로 18,129.1647202,35.3391901
1053,이진캐스빌1차경로당,부산광역시 기장군 정관읍 정관로 545,129.174635,35.323054
1054,양수마을경로당,부산광역시 기장군 정관읍 양수길 7-11 ,129.1610831,35.3301226
1055,협성르네상스경로당,부산광역시 기장군 정관읍 정관4로 68,129.174418,35.327005
1056,협성르네상스작은도서관,부산광역시 기장군 정관읍 정관4로 68,129.174418,35.327005
1057,동일1차아파트경로당,부산광역시 기장군 정관읍 정관4로 24,129.169489,35.32446
1058,동일3차작은도서관,부산광역시 기장군 정관읍 모전1길 9,129.1658279,35.3370174
1059,해모로작은도서관,부산광역시 기장군 정관읍 정관로 548,129.1728553,35.3210518
1060,정관이지더원5차작은도서관,부산광역시 기장군 정관읍 방곡로 29,129.188521,35.327518
1061,가화만사성정관타운경로당,부산광역시 기장군 정관읍 방곡로 39,129.190057,35.3274691
1062,신동아파말리에여자경로당,부산광역시 기장군 정관읍 정관5로 75,129.1758975,35.3258129
1063,신동아파밀리에남자경로당,부산광역시 기장군 정관읍 정관5로 75,129.1764636,35.3257475
1064,두산위브더테라스여자경로당,부산광역시 기장군 정관읍 산단6로 33-8 ,129.194366,35.321429
1065,두산위브더테라스남자경로당,부산광역시 기장군 정관읍 산단6로 33-8 ,129.194378,35.321437
1066,동일2차남자경로당,부산광역시 기장군 정관읍 정관3로 23,129.1665867,35.3299333
1067,동일2차여자경로당,부산광역시 기장군 정관읍 정관3로 23,129.1664828,35.3294795
1068,휴먼시아2단지작은도서관,부산광역시 기장군 정관읍 정관2로 24,129.1642159,35.3324793
1069,휴먼시아2단지여자경로당,부산광역시 기장군 정관읍 정관2로 24,129.1640094,35.3318078
1070,한진해모로경로당,부산광역시 기장군 정관읍 정관로 548,129.1734929,35.321594
1071,임곡여자경로당,부산광역시 기장군 정관읍 임곡1길 4,129.1364336,35.3516782
1072,가화만사성더테라스2차남자경로당,부산광역시 기장군 정관읍 구연방곡로 106,129.1890542,35.3238266
1073,가화만사성더테라스2차여자경로당,부산광역시 기장군 정관읍 구연방곡로 106,129.1891281,35.323797
1074,롯데캐슬2차여자경로당,부산광역시 기장군 정관읍 정관3로 51,129.1691511,35.3307904
1075,롯데캐슬2차남자경로당,부산광역시 기장군 정관읍 정관3로 23,129.1655845,35.3294907
1076,가화더테라스1차남자경로당,부산광역시 기장군 정관읍 구연방곡로 120,129.1900417,35.3220962
1077,가화더테라스1차여자경로당,부산광역시 기장군 정관읍 구연방곡로 120,129.1897191,35.3219329
1078,계룡리슈빌경로당,부산광역시 기장군 정관읍 정관로 513,129.1723163,35.3251896
1079,모전1마을회관,부산광역시 기장군 정관읍 정관1로 51,129.1622633,35.3407064
1080,가동마을경로당,부산광역시 기장군 정관읍 가동옛길 17,129.1813319,35.3306701
1081,청광경로당,부산광역시 기장군 일광읍 청광길 41-1 ,129.2324594,35.2956177
1082,장수경로당,부산광역시 기장군 일광읍 이천길 3,129.235,35.2663
1083,원당마을회관,부산광역시 기장군 일광읍 원당길 6-4 ,129.2482,35.3059
1084,화전여자경로당,부산광역시 기장군 일광읍 화전2길 18,129.2318,35.2807
1085,광산경로당,부산광역시 기장군 일광읍 달음길 44,129.2279,35.3093
1086,상리경로당,부산광역시 기장군 일광읍 청원길 193,129.2308,35.3045
1087,화전남자경로당,부산광역시 기장군 일광읍 화전2길 18,129.2317,35.2807
1088,회룡경로당,부산광역시 기장군 일광읍 회룡길 9-4 ,129.2050526,35.2850236
1089,학리남자경로당,부산광역시 기장군 일광읍 학리4길 13,129.2444,35.2569
1090,삼성남자경로당,부산광역시 기장군 일광읍 기장해안로 1333,129.2326,35.2627
1091,칠암남자경로당,부산광역시 기장군 일광읍 문오성길 485-5 ,129.2601,35.2971
1092,문중남자경로당,부산광역시 기장군 일광읍 문중길 29,129.2579,35.3034
1093,학리여자경로당,부산광역시 기장군 일광읍 학리4길 13,129.2444,35.2569
1094,삼성여자경로당,부산광역시 기장군 일광읍 기장해안로 1333,129.2326,35.2627
1095,칠암여자경로당,부산광역시 기장군 일광읍 문오성길 485-5 ,129.2601,35.2971
1096,문중여자경로당,부산광역시 기장군 일광읍 문중길 29,129.2579,35.3034
1097,하리경로당,부산광역시 기장군 일광읍 청원길 303-60 ,129.234648,35.3135975
1098,문동어업인복지회관,부산광역시 기장군 일광읍 창마을길 19-3 ,129.2567,35.3078
1099,산수곡마을회관,부산광역시 기장군 일광읍 화용길 206,129.2123535,35.2863438
1100,당곡마을회관,부산광역시 기장군 일광읍 당곡길 19-20 ,129.2233,35.2842
1101,회룡마을회관,부산광역시 기장군 일광읍 회룡길 9-4 ,129.2050579,35.2849995
1102,일광용천작은도서관,부산광역시 기장군 일광읍 화용길 206,129.2123535,35.2863438
1103,칠암작은도서관,부산광역시 기장군 일광읍 문오성길 485-5 ,129.2601,35.2971
1104,점현마을경로당,부산광역시 기장군 철마면 점현길 49-2 ,129.169589,35.2670102
1105,안평여자경로당,부산광역시 기장군 철마면 안평로11번나길 1,129.1758911,35.2372481
1106,이곡여자경로당,부산광역시 기장군 철마면 이곡길 100,129.1787873,35.2750071
1107,백길경로당,부산광역시 기장군 철마면 곰내길 111,129.1558072,35.2834953
1108,이곡남자경로당,부산광역시 기장군 철마면 이곡길 100,129.1787819,35.2749969
1109,구칠경로당,부산광역시 기장군 철마면 구칠길 61,129.1655803,35.2579543
1110,대곡경로당,부산광역시 기장군 철마면 대곡1길 31-2 ,129.1507874,35.2660885
1111,안평남자경로당,부산광역시 기장군 철마면 안평로11번나길 1,129.1758299,35.2372541
1112,임기마을회관,부산광역시 기장군 철마면 임기2길 44,129.1190822,35.3207253
1113,신리경로당(철마),부산광역시 기장군 철마면 상신리길 34-8 ,129.1788179,35.2587633
1114,주민카페,부산광역시 기장군 철마면 고촌로 58,129.168093,35.239352
1115,석길회관,부산광역시 기장군 철마면 석길길 16,129.1647738,35.2860285
1116,마지회관,부산광역시 기장군 철마면 마지길 12,129.166104,35.274644
1117,구림마을경로당,부산광역시 기장군 철마면 한들길 7-2 ,129.1599217,35.272142
1118,중리여자경로당,부산광역시 기장군 철마면 곰내길 243,129.1679254,35.2893761
1119,송정마을회관,부산광역시 기장군 철마면 두송길 7-33 ,129.111754,35.304602
1120,고촌남자경로당,부산광역시 기장군 철마면 고촌로28번길 27,129.1709188,35.2416454
1121,고촌여자경로당,부산광역시 기장군 철마면 고촌로28번길 27,129.1709268,35.2416498
1122,입석마을회관,부산광역시 기장군 철마면 입석길 50-1 ,129.1181248,35.3110279
1123,중리남자경로당,부산광역시 기장군 철마면 곰내길 243,129.1679227,35.2893586
1124,고촌휴먼시아작은도서관,부산광역시 기장군 철마면 고촌로44번길 16,129.1678128,35.2414088
1125,고촌LH3작은도서관,부산광역시 기장군 철마면 고촌로 58,129.167947,35.239261
1126,월내2여자경로당,부산광역시 기장군 장안읍 월내해안길 81,129.2781386,35.32618328
