연번,쉼터명,상세주소,경도,위도
1,KT 로이모바일 문현점,남구 지게골로 24 (문현동),129.069164363912,35.1355836148169
2,KT 유니아폴로 서동점,금정구 서동로 150-1 (서동),129.103010884828,35.2147743830611
3,KT (주)뉴굿타임 부산대점,금정구 금강로 264 1층 KT 매장 (장전동),129.085303869701,35.2315823599279
4,KT (주)뉴굿타임 연산점,연제구 과정로 145 (연산동),129.106868766001,35.1843292327075
5,KT YG 반여점,해운대구 선수촌로 91 1층 (반여동),129.119156670089,35.2018891470506
6,KT 가온 당감점,부산진구 당감로 19 1층 가온_당감점 (당감동),129.039489548783,35.1634097009894
7,KT 가온 사상로점,사상구 사상로269번길 25 1층 (덕포동),128.980810795673,35.1690186545594
8,KT 금동 정관점,기장군 정관읍 정관로 569 113호 (제일타워),129.176253663324,35.3217049114736
9,KT 금동 정관2호점,기장군 정관읍 정관로 561 110호 (정관타워),129.175370982573,35.322012224392
10,KT 금동 연산점,연제구 고분로 30 (연산동),129.085671517112,35.1855117272962
11,KT 금동 일광점,기장군 일광읍 해빛1로 5 1층 101호 (센텀타워),129.225785772638,35.2659628750705
12,KT (주)리더스컴퍼니 사직중앙점,동래구 사직북로 9 1층 KT 매장 (사직동),129.060539563743,35.1968213185533
13,KT (주)리더스컴퍼니 사직점,동래구 사직북로 33 KT매장 (사직동),129.059914159997,35.1988871415036
14,KT (주)리더스컴퍼니 미남점,동래구 아시아드대로 195 해피라인 1층 24 (온천동),129.065270457595,35.2019163013048
15,KT WNC 남산역점,"금정구 중앙대로 2033 1층 WNC_남산역점 (남산동, 정암프라자)",129.092252114728,35.2658181688279
16,KT 천우 재송점,"해운대구 재반로 118 1층 103호 KT 천우모바일 (재송동, 정훈빌딩)",129.126868003819,35.1889112303169
17,KT (주)디에이치커뮤니케이션 개금시장점,부산진구 가야대로 488 (개금동),129.025381757665,35.1528937332725
18,KT (주)디에이치커뮤니케이션 서면중앙점,부산진구 중앙대로692번길 25 1층 KT매장 (부전동),129.060625213734,35.1545895352068
19,KT (주)디에이치커뮤니케이션 서면롯데점,부산진구 가야대로 773-1 (부전동),129.056171059109,35.157904919676
20,KT (주)디에이치커뮤니케이션 초량점,동구 중앙대로 207 (초량동),129.039656457217,35.1158107806513
21,KT (주)디에이치커뮤니케이션 쥬디스점,부산진구 중앙대로 694 (부전동),129.059622391915,35.1547273493547
22,KT (주)디에이치커뮤니케이션 서면2호점,"부산진구 중앙대로 700 1층 KT (부전동, 고려빌딩)",129.059521128307,35.1552457980519
23,KT (주)디에이치커뮤니케이션 범일점,동구 범일로102번길 2 1층 KT매장 (범일동),129.059678175896,35.1388851157993
24,KT (주)디에이치커뮤니케이션 경성대점,"남구 수영로 294 1층 제101호 (대연동, 동일스위트)",129.098649796796,35.1362411288397
25,KT (주)디에이치커뮤니케이션 장산점,"해운대구 세실로 75 1층 102호 (좌동, 일진빌딩)",129.176768537085,35.1712911978093
26,KT (주)디에이치커뮤니케이션 구남로점,해운대구 해운대로 620 해운대라뮤에뜨 1층 제상점 124호 (우동),129.158453369505,35.1629633489452
27,KT (주)디에이치커뮤니케이션 해운대점,해운대구 중동1로 33-1 (중동),129.163252246854,35.1625391557254
28,KT (주)디에이치커뮤니케이션 온천장역점,금정구 오시게로42번길 18 (부곡동),129.087956281526,35.2206437215335
29,KT (주)디에이치커뮤니케이션 센텀점,"해운대구 센텀동로 9 1층 104호 105호 (우동, 트럼프월드센텀아파트)",129.132455662366,35.1698704966296
30,KT 나림 반여점,"해운대구 재반로 199 2동 반여 1291-832 (반여동, 새아빌딩)",129.130467676458,35.1950970957993
31,KT 나림 문현점,남구 수영로 25 (문현동),129.070571994578,35.137214728672
32,KT (주)엘에스컴퍼니 부산대2호점,금정구 장전온천천로 47 1층 KT매장 (장전동),129.089034688633,35.2293354241158
33,KT (주)엘에스컴퍼니 부산대3호점,금정구 금정로68번길 22 1층 (장전동),129.087664096576,35.2304467648619
34,KT (주)엘에스컴퍼니 반송점,해운대구 아랫반송로 17-2 1층 (반송동),129.148336992801,35.2254982713379
35,KT (주)엘에스컴퍼니 연산3호점,연제구 반송로 9-1 1층 (연산동),129.082252799152,35.1868527390626
36,KT (주)엘에스컴퍼니 연산2호점,연제구 연수로 103 시청스마트더블유 101동 1층 107호 (연산동),129.082131464497,35.1755410974313
37,KT (주)엘에스컴퍼니 온천점,금정구 온천장로 129 1층 (장전동),129.084928588457,35.2222273374897
38,KT (주)엘에스컴퍼니 연산1호점,연제구 중앙대로 1113 (연산동),129.081088370638,35.1869689149023
39,KT (주)엘에스컴퍼니 동래점,"동래구 온천천로 165 102동 102호 (명륜동, 동래롯데캐슬퀸아파트)",129.078985508071,35.2049671082398
40,KT (주)엘에스컴퍼니 개금점,부산진구 가야대로 476 (개금동),129.023962516907,35.1528955603508
41,KT (주)엘에스컴퍼니 수영점,수영구 수영로 712 수영역디온플레이스어반 1층 104호 (광안동),129.117442581983,35.1677854821964
42,KT (주)엘에스컴퍼니 양정점,부산진구 중앙대로 907 1층 (양정동),129.06964649596,35.1713924663594
43,KT (주)엘에스컴퍼니 광안점,수영구 수영로603번길 4 1층 (광안동),129.113320639318,35.1597663277154
44,KT (주)엘에스컴퍼니 거제점,"연제구 거제천로 89 101호 (거제동, 이안빌딩)",129.073061153507,35.18227599303
45,KT 수(SU) 수안점,동래구 충렬대로 250 1층 KT 수안우체국옆 (수안동),129.086414462478,35.2010715605174
46,KT (주)이준컴퍼니 해운대점,해운대구 구남로11번길 30 102호 (우동),129.160634799185,35.16359002882
47,KT 한성컴퍼니(주) 서동점,금정구 서동로 171 1층 (서동),129.105307088798,35.2146743521016
48,KT 씨엘 동래점,동래구 명륜로 117 1층 KT씨엘 동래점 (명륜동),129.082588370796,35.2041416226672
49,KT 씨엘 용호2호점,"남구 분포로 113 LG메트로2 상가 1층 KT (용호동, 엘지메트로시티아파트)",129.10904194805022,35.12726562895697
50,KT 씨엘 경성대점,"남구 수영로 312 55동 121호 1센추리빌딩 201호 (대연동, 21센츄리시티오피스텔)",129.100620669986,35.1369795296869
51,KT 씨엘 동부2호점,기장군 기장읍 읍내로 112-1,129.21656482961,35.2448758373465
52,KT 에스엠커뮤니케이션㈜ 부전점,부산진구 새싹로 12-1 (부전동),129.05819954395,35.1591941796959
53,KT 에스엠커뮤니케이션(주) 수영2호점,수영구 연수로 415 세방한의원 1층 (수영동),129.114618710889,35.168061649565
54,KT (주)알파모바일 대연점,남구 수영로208번길 54 1층 (대연동),129.088188035093,35.1336231934475
55,KT (주)대성정공 안락점,동래구 안락로 20-1 1층 (안락동),129.099253353708,35.2005633636948
56,KT (주)대성정공 대연점,남구 못골로 69-1 1층 (대연동),129.090042016672,35.1360857196992
57,KT (주)더블유 경성대점,"남구 용소로 8 1층 KT대리점 (대연동, 대영빌딩)",129.100218263284,35.1364961877031
58,KT 한성 수안점,동래구 명륜로94번길 24 1층 KT대리점 (수안동),129.084018271811,35.2034058217774
59,KT 폰드림 부전점,부산진구 중앙대로 765-1 (부전동),129.061199798032,35.1607621788909
60,KT 폰드림 학장점,"사상구 대동로 94 상가동 1층 109호 (학장동, 학장반도보라타운)",128.978314465356,35.1379335842552
61,KT M&S정관로직영점,기장군 정관읍 정관로 560 1동 110호 (마치빌딩),129.175090089593,35.3213484699308
62,KT M&S구서역직영점,금정구 구서로 10 1층 (구서동),129.090123579013,35.2468672471853
63,KT M&S해운대역직영점,"해운대구 해운대로 601 107-2호 (우동, 에이치스위트해운대)",129.15734405351594,35.163008799874035
64,KT M&S전포카페거리직영점,부산진구 동천로 74 본죽건물 1층 (전포동),129.062529883987,35.1552693916682
65,KT M&S사직종합운동장직영점,"연제구 아시아드대로 91 (거제동, 대방빌딩)",129.066645930848,35.1927194191523
66,KT M&S해운대장산역직영점,"해운대구 해운대로 814 1479-3 156호 (좌동, 세종월드프라자)",129.17720958835807,35.16968573144588
67,KT 올레플라자 동래점,동래구 명륜로 116(명륜동) kt 동래지점 1층 KT플라자 동래점,129.08297763432884,35.20404904445387
68,KT 올레플라자 남부산점,동구 부산진성공원로 23 1층 KT플라자 남부산점,129.062430383873,35.1377085882932
69,KT 올레플라자 동부산점,연제구 연산동 840-4 kt 동부산지점 1층 kt플라자 동부산점,129.080038935916,35.1737722285125
70,KT 올레플라자 기장점,기장군 기장읍 차성로 269 kt 기장지점 1층 KT플라자 기장점,129.212773863174,35.2416091127798
71,KT 나래 엄궁사거리점,"사상구 낙동대로 786 1층 102호 강진빌딩 (엄궁동, 애진빌딩)",128.97208647161,35.1307294330976
72,KT 나래 덕포점,사상구 사상로 292 (덕포동),128.982983177252,35.1707060561485
73,KT 나래 엄궁점,사상구 낙동대로 748 1층 KT (엄궁동),128.96982961968,35.1278847974016
74,KT 성우 대교점,영도구 태종로89번길 1 (대교동2가),129.040688799131,35.092012348919
75,KT 효원정보 하단점,사하구 낙동대로 547 (하단동),128.963970141423,35.1125428038142
76,KT 신화 부민점,서구 구덕로 199 (부민동2가),129.019701871327,35.102451663548
77,KT SA 수정점,"동구 중앙대로371번길 9 1층 KT대리점 (수정동, 흥남빌딩)",129.047828529391,35.1288442505515
78,KT SA 다대점,사하구 다대로429번길 15 1층 KT대리점 (다대동),128.980735869696,35.0637412190907
79,KT SA 화명점,북구 금곡대로 287 삼한골든뷰 1층 108호 KT대리점 (화명동),129.013306653337,35.23418326751
80,KT SA 하단2호점,사하구 낙동남로 1403 (하단동),128.965205212191,35.1065905416161
81,KT SA 하단점,사하구 낙동대로 442 1층 일부 (당리동),128.97032633103,35.1049163441392
82,KT 에스엠 사직점,동래구 사직북로19번길 3 1층 (사직동),129.06034041684,35.1974383962888
83,KT 에스엠 영도점,영도구 태종로 106 1층 (대교동2가),129.04218784578,35.0910766444767
84,KT 에스엠 수영점,"수영구 수영로705번길 1 1층 (수영동, 대원빌딩)",129.116407293427,35.1680064306079
85,KT 에스엠 영도2호점,영도구 남항로 41 1층 (남항동1가),129.040910072897,35.0887533103951
86,KT 씨엘 기장점,기장군 기장읍 차성동로 73,129.216364047083,35.2441782646914
87,KT 씨엘 괴정점,사하구 사하로 197 (괴정동),128.993276626165,35.0993327465725
88,KT 씨엘 서면점,부산진구 가야대로784번길 36 (부전동),129.057149744365,35.15579174397
89,KT 씨엘 좌동점,"해운대구 세실로 64 1층 105호 (좌동, 화목데파트)",129.177645145361,35.1709976142769
90,KT 씨엘 두실점,금정구 중앙대로 1943 (구서동),129.0910839833,35.2578775869224
91,KT 씨엘 용호점,남구 동명로 139 씨엘 용호점 (용호동),129.112295349926,35.1197172740946
92,KT 씨엘 젊음의거리점,"북구 백양대로 1200 403-2 (덕천동, 정수빌딩)",129.006423007577,35.2098760732485
93,KT 씨엘 당감점,부산진구 동평로 86 (당감동),129.038947652794,35.1652377382487
94,KT 씨엘 만덕점,북구 덕천로 306 102호 (만덕동),129.037310085335,35.209282137425
95,KT AG컴퍼니 다대포점,사하구 다송로 23 상가 116호 KT매장 (다대동),128.982821920306,35.0660759887624
96,KT 참솔컴퍼니 동삼점,영도구 동삼로 63 (동삼동),129.070180842057,35.0788960183366
97,KT 참솔컴퍼니 신평점,사하구 하신번영로 197-1 1층 일부 (신평동),128.958664927516,35.0988072413748
98,KT 참솔컴퍼니 초량점,동구 중앙대로231번길 34 1층 KT (초량동),129.039416309016,35.1185178863112
99,KT 더킹 남포2호점,중구 광복로 35-1 (창선동2가),129.029066969735,35.0994382308228
100,KT 더킹 남포3호점,중구 광복로 47-1 1층 (창선동1가),129.030326995486,35.0993766658515
101,KT 더킹 하단2호점,사하구 낙동대로 449 1층 일부 (하단동),128.969316994787,35.10500691761
102,KT 더킹 부평점,중구 흑교로 24-1 1층 일부 (부평동2가),129.025340510129,35.1016841126534
103,KT 더킹 대청점,중구 대청로 97-2 (대청동2가),129.030699601251,35.1030543367815
104,KT 이화모바일 모라점,사상구 백양대로 921 (모라동),128.99080778134,35.1885400135282
105,KT 이화모바일 냉정점,사상구 가야대로 366 1층 (주례동),129.012463905056,35.1509570695253
106,KT 엠엔케이 장림점,사하구 장림번영로 29 1층 (장림동),128.968521972937,35.0808727767879
107,KT (주)더블유 남포3호점,중구 구덕로 40-1 1층 KT (남포동4가),129.031336198964,35.098363235225
108,KT (주)더블유 남천역점,수영구 수영로 386 KT대리점 (남천동),129.10703313688,35.1408688392442
109,KT (주)더블유 덕천3호점,북구 백양대로 1198 1층 KT (구포동),129.005570300572,35.2092026168773
110,KT (주)더블유 남포점,중구 중구로 15-1 1층 KT (부평동1가),129.027672575402,35.0992634896057
111,KT (주)더블유 주례점,사상구 가야대로 280 1층 KT매장 (주례동),129.003157969549,35.150229538412
112,KT (주)더블유 하단점,사하구 낙동남로 1419 KT대리점 103호 (하단동),128.966787918208,35.1067017558211
113,KT (주)더블유 덕천2호점,북구 백양대로 1191 1층 KT (구포동),129.005064088765,35.2086968889924
114,KT (주)더블유 모라점,"사상구 백양대로 893 3층 303호 KT대리점 (모라동, 궁전빌딩)",128.990707223533,35.1858672608892
115,KT (주)연우컴퍼니 명지오션점,"강서구 명지오션시티4로 81 1층 KT 베스킨라빈스 맞은편 (명지동, 세정프라자)",128.903961734242,35.0816972049575
116,KT (주)연우컴퍼니 명지점,"강서구 명지국제8로 245 107호 (명지동, 명지뉴타워)",128.919834154903,35.0984160588781
117,KT (주)연우컴퍼니 신호점,강서구 신호산단2로 33 골든뷰 109호 (신호동),128.877827002378,35.0859666961959
118,KT 에이아이컴퍼니 서대신점,서구 대영로 44 (서대신동1가),129.016280812251,35.109311435456
119,KT 비케이모바일 괘법점,사상구 사상로212번길 6 KT매장-비케이통신괘법점 (괘법동),128.984242057254,35.1639567195984
120,KT 한성 다대점,사하구 윤공단로14번길 59 1층 (다대동),128.969803739475,35.0574315415309
121,KT 에이딘 화명점,"북구 금곡대로285번길 5 1층 105호 (화명동, 레지던스라움)",129.013176739007,35.2336730290072
122,KT (주)대성정공 남포점,중구 구덕로 72 (남포동6가),129.027929073459,35.0978966199032
123,KT (주)대성정공 연지점,"부산진구 새싹로 177 1층 107호 KT매장 (연지동, 세동한신아파트)",129.049507584429,35.1719499445612
124,KT (주)대성정공 당리점,사하구 낙동대로 402 (당리동),128.974455298074,35.1035663968394
125,KT (주)엘에스컴퍼니 덕천역점,북구 만덕대로 24 외 3필지 (덕천동),129.006423007577,35.2098760732485
126,KT 한성 당리점,사하구 승학로 53 1층 (당리동),128.974357545036,35.1055964671992
127,KT 한성 서대신점,서구 구덕로 297 (서대신동2가),129.017367385726,35.1105036314378
128,KT M&S명지국제신도시직영점,"강서구 명지국제8로 246 108호 (명지동, 에이스프라자)",128.919619916682,35.0977390492054
129,KT M&S화명역직영점,"북구 금곡대로285번길 19 105호 (화명동, 리버사이드빌딩)",129.012324342859,35.2337717376099
130,KT M&S광복직영점,중구 광복로 54-2 (창선동1가),129.031014685567,35.0991138956173
131,KT M&S사상역직영점,"사상구 사상로 200 106호 (괘법동, 엠시티빌딩)",128.984602276617,35.1629608754113
132,KT M&S동대신직영점,서구 구덕로 320 (동대신동2가),129.016776134058,35.1123888211634
133,KT 올레플라자 덕천점,북구 만덕대로 134(덕천동) kt 구포지점 1층 KT플라자 덕천점,129.019923098556,35.2124950460055
134,KT 올레플라자 사하점,사하구 낙동대로 319(괴정동) kt 사하지점 1층 KT플라자 사하점,128.981976642741,35.099768235297
135,KT 올레플라자 중부산점,중구 중앙대로 136(중앙동4가) kt 중부산지점 1층 KT플라자 중부산점,129.037661853025,35.1095418111601
